Episode_Id,Air_Date,Description,Season_ID,Series_Id,Channel_Id,Show_Id,Running_Time
1,3/15/2016,"glavans Et vobis Quad cognitio, regit, regit, ut",727,21,32,35,85
2,6/25/2013,"parte pars esset gravis et quoque e regit, vobis e",818,6,36,40,107
3,10/8/2009,"plorum homo, plurissimum fecundio, egreddior",768,35,34,37,72
4,1/8/2005,"non egreddior brevens, apparens quad plurissimum",557,11,25,27,101
5,11/18/2003,Tam plurissimum plorum rarendum et et habitatio Id,206,11,9,10,65
6,11/3/2006,"regit, habitatio fecit. egreddior estis parte",559,26,25,27,77
7,2/18/2014,"Sed et egreddior dolorum parte plorum Longam,",907,10,39,44,118
8,7/29/2012,"quantare egreddior essit. quo, rarendum venit.",441,18,20,22,53
9,12/20/2009,"quis novum Longam, non Versus cognitio, parte",978,31,43,47,71
10,8/26/2007,"travissimantor trepicandor pars e non regit,",273,15,12,14,32
11,7/6/2005,"Id in quo quad delerium. plurissimum glavans homo,",291,38,13,15,73
12,7/30/2014,"habitatio glavans gravis parte brevens, dolorum",467,6,21,23,59
13,7/26/2015,glavans et Multum non parte Tam Pro apparens si,633,40,28,31,96
14,8/6/2015,"cognitio, pars sed estum. rarendum funem. transit.",469,30,21,23,81
15,6/4/2014,egreddior novum venit. Tam gravum quantare estis,983,16,43,48,98
16,5/13/2012,quo esset quad fecit. Id plorum eudis non et,30,3,2,2,39
17,8/20/2014,fecit. eggredior. dolorum et manifestum parte,862,22,38,42,103
18,1/3/2011,"quad vobis venit. quo, sed eudis si gravis gravis",996,29,43,48,120
19,11/17/2007,Tam quantare imaginator Id fecit. parte quantare,675,18,30,33,89
20,8/3/2011,vobis quo volcans et plurissimum imaginator quo,313,30,14,16,65
21,3/17/2007,"si Tam in habitatio quad rarendum fecundio, regit,",815,24,36,40,62
22,2/6/2015,sed travissimantor si Versus non quorum pladior,847,20,37,41,85
23,1/4/2011,gravis si habitatio quoque transit. funem.,992,33,43,48,105
24,10/16/2003,quo quorum gravum quad non novum e plorum,33,7,2,2,90
25,3/12/2011,imaginator plorum trepicandor fecit. essit.,697,28,31,34,61
26,2/13/2002,vobis estum. bono funem. estis eudis venit. esset,523,1,23,26,87
27,9/26/2016,"et nomen eudis et sed esset Tam Tam quad et homo,",932,24,41,45,30
28,4/22/2002,"Multum imaginator quantare ut gravis homo, gravis",684,29,30,34,73
29,6/26/2009,Versus funem. novum plorum sed eudis estum. quad,542,24,24,27,74
30,8/25/2006,pladior non Versus parte non gravum plorum et,81,31,4,4,32
31,7/27/2014,"brevens, volcans Versus homo, et e Multum brevens,",185,13,9,9,70
32,3/29/2009,sed manifestum novum manifestum in gravum pars Sed,449,9,20,22,65
33,3/22/2015,si quartu travissimantor in novum Pro estum. esset,295,32,13,15,94
34,8/24/2006,"brevens, novum brevens, non quorum et sed non",987,18,43,48,81
35,11/6/2007,"quantare brevens, quad plorum cognitio, linguens e",639,39,28,31,112
36,1/29/2014,"esset imaginator brevens, estum. sed quo vantis.",760,25,33,37,42
37,10/17/2011,"fecit, homo, eudis novum vantis. quo non vobis",31,5,2,2,75
38,4/3/2015,"Quad quorum essit. nomen regit, et fecit. estis",377,14,17,19,91
39,12/13/2006,"Sed parte linguens quo eudis brevens, trepicandor",341,13,15,17,85
40,5/23/2016,vobis et dolorum glavans vobis pladior Versus,955,25,42,46,115
41,1/15/2004,"regit, si travissimantor delerium. regit,",501,7,22,25,85
42,9/10/2015,"nomen brevens, vobis fecit, et et Pro e quorum",713,11,31,35,109
43,2/21/2012,"esset nomen Versus et estis novum vobis fecit, e",118,30,6,6,95
44,3/22/2007,"essit. novum quis homo, et pars regit, rarendum Id",269,24,12,14,49
45,5/5/2009,"et e et habitatio brevens, vantis. et non novum",904,37,40,44,52
46,11/12/2014,"estum. estum. estis volcans parte homo, estum. ut",792,18,35,39,33
47,1/18/2013,si quo rarendum vobis estum. Multum quartu quad,334,32,15,17,43
48,9/6/2013,gravum rarendum quad venit. e quo pladior quad,453,2,20,22,113
49,5/5/2009,"Et habitatio volcans quartu vobis Pro brevens,",145,20,7,8,51
50,6/13/2001,"homo, homo, quantare nomen ut nomen linguens",219,2,10,11,30
51,7/16/2004,"quo venit. non Sed cognitio, estum. estis nomen",407,33,18,20,37
52,3/19/2005,pars manifestum e e venit. fecit. Quad dolorum,717,39,31,35,72
53,12/28/2015,"dolorum quantare Multum ut estum. gravis quo,",616,5,27,30,32
54,7/19/2010,Versus et rarendum parte habitatio vantis. vobis,486,38,21,24,34
55,6/17/2011,eggredior. delerium. habitatio linguens plorum,192,27,9,10,37
56,2/11/2001,"Tam Pro vobis apparens fecit, glavans venit.",876,38,38,43,30
57,6/26/2002,pars non esset in esset eggredior. imaginator,824,8,36,40,31
58,12/27/2005,esset ut gravum dolorum vobis habitatio bono,733,5,32,36,102
59,10/6/2010,rarendum rarendum quad gravum fecit. bono nomen,856,4,37,42,70
60,10/8/2001,"quartu eggredior. et quo si plorum quo, non",673,10,30,33,99
61,1/14/2007,"volcans rarendum Longam, non in fecundio, et",619,28,27,30,76
62,11/3/2011,"habitatio nomen regit, si vantis. apparens plorum",215,9,10,11,75
63,2/6/2003,esset dolorum in ut gravis in gravis apparens,893,24,39,43,99
64,5/1/2003,linguens nomen quo apparens plurissimum Et parte,894,27,39,44,68
65,1/5/2010,"linguens quad eudis quad et esset non et regit,",86,16,4,5,83
66,3/16/2013,"glavans quantare fecundio, rarendum vobis Tam",835,1,37,41,38
67,4/15/2016,"eggredior. in estum. quantare Id quad Pro homo,",166,10,8,9,85
68,12/5/2008,non vobis estum. nomen quartu volcans quorum novum,637,26,28,31,44
69,10/4/2007,si non e vantis. quo sed plurissimum novum estis,822,31,36,40,89
70,5/9/2000,"funem. Longam, Tam fecit, delerium. et e apparens",217,32,10,11,86
71,7/31/2000,"homo, linguens transit. quad si quad quantare",1000,21,43,48,85
72,4/24/2016,dolorum nomen plurissimum et quad novum e quad,476,16,21,24,42
73,1/26/2004,linguens vobis quo imaginator volcans,646,32,29,32,64
74,6/1/2008,vobis gravum Versus linguens habitatio Et si,714,18,31,35,94
75,7/24/2007,"quad travissimantor venit. fecit, estis nomen",803,36,35,39,101
76,6/12/2008,"pladior linguens novum quo homo, Longam, et",99,29,5,5,74
77,12/20/2002,novum fecit. imaginator eudis imaginator estum.,723,29,32,35,110
78,10/19/2003,"Longam, Id ut e plorum novum eggredior. quad quad",710,16,31,35,85
79,5/20/2011,"rarendum glavans fecundio, volcans brevens, fecit.",123,23,6,7,68
80,4/5/2013,non plurissimum esset fecit. habitatio eudis,903,23,39,44,57
81,1/1/2006,"Longam, parte ut gravis quo glavans pars Et",184,20,9,10,73
82,1/24/2003,"plorum Longam, venit. linguens estum. quad et",470,34,21,23,38
83,11/24/2009,"et quad et gravis plorum quartu esset quo,",533,14,24,26,51
84,1/18/2008,"plurissimum brevens, ut estis regit, plurissimum",321,40,14,16,73
85,2/13/2002,"e Id linguens pars trepicandor gravis cognitio,",662,6,29,33,116
86,5/13/2009,et quartu quantare quoque et si glavans fecit. et,459,3,21,23,119
87,3/8/2010,"regit, et et homo, glavans quad gravis non plorum",830,11,36,41,62
88,9/7/2004,quad non delerium. quis habitatio Tam bono estum.,802,32,35,39,90
89,2/14/2012,"gravis quad quo, glavans Pro fecit, homo, eudis Et",786,23,35,39,74
90,9/29/2006,eggredior. egreddior plorum rarendum Id et venit.,757,1,33,37,112
91,8/10/2011,"rarendum non bono eudis funem. eudis regit, quis",937,30,41,46,40
92,10/25/2005,quad eudis eudis travissimantor sed eudis Id e non,288,39,13,15,93
93,7/2/2004,"si Longam, fecit. rarendum trepicandor eudis",513,23,23,26,50
94,3/10/2005,glavans si Et quis quad eudis estis quad estis Pro,652,20,29,32,107
95,5/14/2009,linguens quorum Versus et quo essit. pars si si,326,17,15,16,68
96,2/18/2009,manifestum quo quo quad habitatio quartu et non,279,23,13,14,40
97,8/8/2012,"linguens imaginator glavans cognitio, et delerium.",814,28,36,40,40
98,10/26/2008,Quad Pro Id et e volcans fecit. Tam essit. et quo,216,29,10,11,57
99,2/21/2014,novum quad bono transit. plorum sed manifestum,179,36,9,9,87
100,1/26/2013,"pars et fecundio, regit, quartu linguens ut nomen",65,14,3,4,43
101,7/5/2015,"bono gravum parte si Id venit. si si fecundio,",612,35,27,30,69
102,2/18/2004,"brevens, Multum delerium. ut Et quantare transit.",685,32,30,34,119
103,12/8/2005,quantare e pars gravis trepicandor pars Quad,618,7,28,31,53
104,12/30/2008,fecit. e sed non et in quad et quorum in vantis.,927,3,40,45,86
105,11/16/2000,nomen estum. et quo nomen et volcans novum et non,218,36,10,11,66
106,2/27/2005,"et manifestum quad habitatio funem. si brevens,",928,5,40,45,116
107,2/26/2001,estum. bono imaginator novum et ut sed,63,2,3,4,37
108,8/1/2007,"non cognitio, quad Multum et e fecundio, fecundio,",897,15,39,44,59
109,12/30/2002,quo nomen gravis quad non rarendum in plorum vobis,667,22,30,33,54
110,1/9/2003,vobis estis quis Tam Versus plurissimum bono,91,26,5,5,84
111,1/30/2015,novum et e Multum et volcans quantare esset,144,35,7,8,40
112,8/14/2015,Tam quo Et quad quis quis nomen linguens rarendum,105,35,5,6,66
113,7/16/2011,"quis vobis habitatio quo, Pro vobis gravis Tam",596,11,27,30,64
114,6/8/2014,fecit. parte si Versus linguens delerium. nomen,952,1,41,46,42
115,9/12/2012,quantare ut quartu quorum quorum quoque novum,481,26,22,24,56
116,,"non quo trepicandor cognitio, Quad et glavans quad",146,13,7,8,68
117,12/26/2003,"non cognitio, quartu Id plorum in nomen e Versus",668,8,30,33,53
118,12/13/2001,"et novum venit. linguens quoque regit, Et gravis",560,17,25,28,55
119,12/27/2011,"et Id homo, quartu vantis. trepicandor fecit. Et",225,3,10,11,73
120,3/22/2001,"manifestum plorum gravum Longam, imaginator regit,",604,25,27,30,85
121,8/28/2000,"linguens et funem. homo, quis manifestum nomen",5,8,1,1,96
122,1/12/2003,nomen non vantis. bono nomen venit. pladior Tam,357,23,16,18,116
123,8/13/2011,"et et Longam, sed trepicandor Quad imaginator e",848,13,37,41,91
124,9/28/2013,eggredior. manifestum pars Multum quo vantis.,59,9,3,3,98
125,1/8/2001,non gravis travissimantor quis quorum Et pars,278,8,13,14,75
126,9/6/2005,nomen egreddior vobis manifestum delerium. quad ut,698,24,31,34,113
127,9/13/2011,si Et quoque estum. linguens glavans nomen fecit.,958,32,42,47,112
128,10/27/2011,in quo venit. quad egreddior vantis. essit. Id,988,26,43,48,78
129,10/24/2015,"homo, et travissimantor plurissimum quad quantare",381,3,17,19,55
130,12/26/2015,novum venit. vantis. ut nomen quo quorum Et venit.,512,8,23,26,90
131,5/12/2015,e bono non et Versus delerium. quad plurissimum,275,34,13,14,63
132,10/11/2012,in gravum quoque habitatio e manifestum et si et,497,13,22,25,83
133,1/30/2011,,522,39,23,26,119
134,8/4/2006,"eggredior. quo brevens, habitatio gravis pars",54,39,3,3,55
135,3/31/2015,"brevens, vobis gravum fecundio, novum brevens,",276,31,13,14,109
136,9/7/2014,"habitatio quo, quoque homo, egreddior quad fecit.",488,9,22,24,74
137,11/18/2001,"Tam in fecundio, habitatio non dolorum in",843,2,37,41,105
138,1/23/2014,plorum e esset egreddior quis plurissimum in Pro,601,1,27,30,86
139,11/28/2000,nomen plorum Multum quo eudis glavans eggredior.,102,2,5,5,37
140,3/8/2007,"sed Id linguens non quad vantis. regit, fecundio,",739,4,32,36,30
141,11/22/2013,"bono fecit, trepicandor fecit. vantis. Et",394,22,18,20,111
142,3/21/2008,quoque quad fecit. dolorum Et quad sed Multum,931,28,41,45,33
143,8/11/2002,"plorum bono et nomen delerium. venit. fecit, quad",129,18,6,7,66
144,9/13/2001,"homo, dolorum non pladior venit. vobis gravis non",692,13,31,34,111
145,2/9/2009,gravis glavans trepicandor funem. Et Multum parte,602,33,27,30,101
146,8/6/2008,"gravum venit. in quo glavans regit, quad plorum",827,16,36,40,95
147,12/2/2012,estum. nomen vobis linguens linguens Id quartu e,677,17,30,33,59
148,3/18/2011,"quo, Id quad parte plurissimum nomen volcans nomen",556,10,25,28,38
149,1/1/2007,"et cognitio, imaginator gravis rarendum glavans",169,26,8,9,80
150,6/3/2009,"delerium. Multum fecundio, sed in pladior gravum",181,21,8,9,30
151,5/23/2005,plurissimum Quad et essit. in novum quorum quad,594,40,27,30,107
152,3/12/2007,"Id Longam, parte novum trepicandor quis e si quad",247,26,11,13,105
153,8/16/2000,"quo in habitatio pladior quorum gravum essit. quo,",997,32,43,48,104
154,8/11/2007,si estum. Tam quo vantis. eggredior. eudis et,555,40,25,28,32
155,6/29/2013,"transit. quo, linguens brevens, et linguens e",60,29,3,4,67
156,1/18/2010,esset parte in non Sed egreddior funem. quorum Pro,259,21,12,13,73
157,11/27/2003,estis essit. vobis si volcans quad fecit. ut quis,840,29,37,41,58
158,4/28/2007,"gravis nomen non et quo, si quartu in quo et",554,16,25,28,76
159,12/3/2004,"linguens regit, homo, Et Multum linguens linguens",635,11,28,32,40
160,4/30/2003,"Pro fecundio, et et manifestum fecit, eudis plorum",504,27,23,25,74
161,2/9/2006,si quis gravis gravum egreddior quo linguens,967,5,42,47,33
162,4/9/2010,quantare in et Multum estum. et volcans Quad,75,27,4,4,79
163,4/12/2002,fecit. Versus nomen in estis apparens si quad,499,5,23,25,33
164,7/13/2008,manifestum nomen gravis vantis. vobis venit. quad,153,27,7,8,84
165,7/26/2004,"manifestum et pars quantare regit, Tam quad ut",807,35,35,40,50
166,3/6/2007,"si homo, quad si nomen venit. quo trepicandor quad",631,37,28,31,78
167,1/4/2004,"in fecundio, quo venit. Sed plorum fecit. vobis",565,25,25,28,68
168,1/14/2009,Sed funem. estum. pladior dolorum funem. non,539,12,24,27,38
169,3/24/2013,bono fecit. gravum vantis. plorum Versus,664,30,29,33,54
170,9/6/2016,linguens Id transit. habitatio egreddior essit.,993,38,43,48,102
171,10/30/2010,"novum eudis eudis Sed quantare sed quo non homo,",299,14,13,15,84
172,11/8/2006,"et gravis quo fecundio, pladior manifestum plorum",61,32,3,4,88
173,1/19/2001,"homo, non Tam plorum novum non Id linguens si e",447,38,21,23,47
174,10/24/2004,"fecundio, quoque gravis parte glavans quad",465,27,21,24,72
175,4/5/2004,"gravis bono gravum homo, quo, quis non fecundio,",211,1,10,11,94
176,5/16/2009,"funem. gravis glavans in novum quo, plorum",70,5,4,4,93
177,6/6/2000,"si eggredior. et quantare brevens, vantis. estum.",230,24,10,12,79
178,12/3/2009,"cognitio, esset plorum dolorum linguens quoque",149,12,7,8,100
179,8/23/2004,eggredior. esset gravis estis quo Id rarendum,432,31,20,22,118
180,5/11/2009,Pro manifestum vobis funem. novum e travissimantor,436,37,20,22,101
181,9/10/2009,"dolorum egreddior non homo, non linguens habitatio",18,38,1,1,83
182,7/2/2000,quo pladior manifestum trepicandor et essit. nomen,382,5,17,19,104
183,10/30/2004,si eudis in novum eudis gravis et Quad quorum si,811,5,36,40,118
184,5/27/2006,quantare bono ut nomen travissimantor Tam transit.,200,8,9,10,55
185,8/8/2010,"travissimantor Tam glavans gravis brevens, quo",912,39,40,44,104
186,3/6/2008,"gravis Multum quo habitatio brevens, regit, quoque",27,35,2,2,79
187,2/29/2012,"Longam, cognitio, imaginator parte in homo, Tam",500,12,22,25,99
188,6/25/2003,"pladior pars si quoque fecundio, si estum. novum",960,2,42,47,117
189,1/11/2010,essit. et novum esset dolorum Tam imaginator,990,39,43,48,108
190,3/16/2005,"non Id dolorum esset Pro homo, regit, si non",15,39,1,1,65
191,10/16/2010,"et esset quis Longam, linguens regit, gravum Et",648,2,29,32,45
192,6/29/2011,"plorum nomen novum quorum eudis gravis fecundio,",280,37,12,14,58
193,2/24/2009,"e et delerium. cognitio, vobis Id gravis quorum",963,35,42,47,75
194,7/8/2014,"manifestum si glavans linguens cognitio, venit.",579,7,26,29,83
195,1/30/2001,ut quorum delerium. gravis plorum egreddior si quo,767,14,34,38,117
196,8/20/2003,"non si Pro habitatio in linguens Longam, vantis.",322,10,14,16,62
197,12/14/2005,"non fecundio, Sed quo Versus quad in essit.",410,9,19,21,30
198,1/5/2011,plurissimum gravis gravis non essit. plorum Sed,970,28,42,47,102
199,1/24/2014,nomen vantis. e quartu eggredior. estum. Et,880,32,39,43,91
200,12/10/2001,plurissimum vantis. habitatio quis Et linguens,968,12,42,47,53
201,8/6/2004,"sed in quoque plurissimum eudis quo, nomen homo,",252,38,11,13,57
202,11/23/2003,"brevens, quo, linguens si vobis Id ut imaginator",130,26,6,7,50
203,11/30/2014,"quad pars homo, quo pars rarendum plurissimum",889,5,39,44,105
204,4/3/2007,"Versus parte eudis Longam, novum bono in glavans",175,25,8,9,99
205,7/12/2015,et e imaginator apparens estis transit. pars,874,1,38,43,66
206,6/22/2015,in volcans sed estis vobis plurissimum si e vobis,534,35,24,27,49
207,2/25/2006,plorum transit. quo plurissimum quo Id in gravum,776,24,34,38,87
208,9/29/2012,"estis Longam, rarendum si si funem. et quantare in",502,28,23,25,61
209,5/11/2003,"transit. pars pars non fecit, delerium. Et eudis",348,27,16,17,59
210,2/18/2004,Id linguens quo linguens quorum eudis glavans quo,986,11,43,48,95
211,8/17/2009,"eggredior. imaginator nomen novum brevens,",34,28,2,2,115
212,11/30/2010,eggredior. gravis Pro plorum delerium. manifestum,686,36,30,34,78
213,9/9/2002,fecit. e si transit. plurissimum linguens dolorum,119,34,6,6,79
214,6/30/2012,"venit. essit. plorum regit, quad pars e glavans",194,6,9,10,60
215,7/27/2010,"homo, quo e Sed plorum non parte dolorum Sed quad",483,39,22,24,111
216,8/14/2005,plurissimum quantare habitatio pladior estum. in,573,35,25,28,49
217,6/14/2005,"et volcans glavans vantis. habitatio e brevens,",260,14,12,13,82
218,10/22/2012,"si quo, linguens dolorum in brevens, in Tam quo,",310,4,14,15,98
219,11/11/2014,pladior in Quad habitatio eggredior. eggredior. et,241,37,11,12,101
220,4/28/2013,parte quantare et glavans Quad vobis quad estis et,777,27,34,38,91
221,12/13/2011,Pro e transit. pladior esset gravum pladior Versus,131,17,6,7,99
222,7/15/2000,"eudis linguens regit, quad et et Id bono brevens,",605,9,27,30,71
223,12/10/2015,"homo, delerium. quantare quoque eudis Sed Multum",549,31,25,27,51
224,1/13/2008,rarendum venit. Multum quartu nomen et funem. quad,650,14,29,32,109
225,11/26/2005,funem. plorum egreddior linguens quantare quo,339,35,15,17,87
226,4/8/2016,"gravum volcans Tam vobis dolorum homo, vobis esset",22,32,2,2,55
227,8/21/2014,"eudis volcans et Multum bono gravis quo, eudis et",96,38,5,5,42
228,6/20/2003,si et et delerium. essit. quis quantare nomen,871,26,38,43,85
229,9/29/2003,"fecundio, Et delerium. et quis quad egreddior",707,8,31,35,76
230,8/21/2000,"et funem. vobis pladior homo, vobis et regit, e",885,35,39,43,61
231,6/7/2003,novum non vobis bono quartu funem. quis in quad e,643,25,29,32,93
232,5/9/2006,"Quad cognitio, si si estum. fecit. apparens",254,9,11,13,97
233,10/15/2012,bono quantare dolorum travissimantor novum,264,3,12,13,39
234,9/17/2002,"Quad quad quantare Id nomen non Longam, quo,",458,13,21,23,94
235,10/8/2004,"et quo et vobis e vobis brevens, quantare non",195,15,9,10,74
236,10/22/2005,non et parte nomen ut gravis imaginator ut in quo,882,2,39,43,63
237,7/9/2002,in novum plorum parte Sed eggredior. volcans,478,10,22,24,120
238,7/6/2014,non esset Pro Et et quis estis pladior non non,628,22,28,31,49
239,10/22/2007,"delerium. transit. quartu quo, venit. eggredior.",319,37,14,16,109
240,1/24/2012,quo quorum esset ut gravis bono pladior in quartu,365,17,16,18,84
241,1/13/2002,"funem. et vobis et non brevens, Et Versus Pro",242,16,11,12,112
242,5/8/2016,habitatio quantare vobis nomen estis venit.,994,25,43,48,68
243,2/19/2000,"Tam funem. Pro brevens, quorum funem. habitatio",599,17,27,30,88
244,11/28/2005,"quo, quad gravis quo glavans travissimantor venit.",2,34,1,1,43
245,7/5/2012,in esset sed quorum dolorum quad esset gravum e,976,30,43,48,71
246,10/22/2016,"si quad Longam, in homo, apparens brevens, nomen",951,39,42,47,87
247,10/23/2008,plurissimum linguens linguens et et eggredior.,155,6,7,8,100
248,8/2/2013,"quis e quis bono Quad homo, brevens, gravum quad",764,36,34,38,44
249,12/17/2003,"cognitio, si manifestum eggredior. vobis linguens",89,11,4,5,93
250,5/25/2012,"et et nomen Et fecundio, quorum brevens, Versus",189,7,9,10,97
251,2/12/2015,"eudis imaginator venit. non non vobis homo, quad",58,25,3,4,101
252,1/28/2010,quad apparens linguens gravis eudis novum quoque,110,12,5,6,52
253,1/30/2013,"dolorum rarendum cognitio, ut imaginator habitatio",731,13,32,36,31
254,10/2/2000,"Tam vantis. quo quo, quo eudis estum. plurissimum",103,21,5,5,120
255,12/5/2006,vobis Multum pladior novum delerium. quoque eudis,833,17,37,41,75
256,1/26/2004,"estum. estis brevens, linguens estum. gravis nomen",634,10,28,31,106
257,11/19/2004,et nomen non glavans trepicandor rarendum funem.,566,9,25,28,120
258,11/22/2006,"quo, Pro quad quartu habitatio homo, et Sed et",244,10,11,12,116
259,5/11/2001,"habitatio quad nomen linguens si dolorum in regit,",831,18,36,41,41
260,3/10/2016,"imaginator vobis in brevens, linguens in Id Sed",853,28,37,42,41
261,11/5/2000,quo eggredior. quad novum in glavans apparens,433,22,20,22,36
262,9/11/2002,essit. non Sed si venit. sed si glavans bono et,901,22,40,44,32
263,1/4/2009,"egreddior Longam, regit, plurissimum cognitio,",791,11,35,39,106
264,9/24/2002,"bono esset Multum Et pars brevens, rarendum Pro",444,39,20,23,118
265,9/17/2000,"e glavans manifestum regit, vobis brevens, non",342,3,15,17,31
266,4/15/2003,egreddior plurissimum imaginator bono in Tam,769,20,34,38,47
267,1/22/2015,gravis quis Quad nomen quorum quad et rarendum,415,21,19,21,69
268,11/28/2016,"quad et parte quo, habitatio non eudis quantare",640,1,28,32,105
269,9/27/2007,"venit. e e quartu fecit, quad plorum essit.",999,2,43,48,107
270,10/8/2004,habitatio Id Versus esset gravum quad Et sed,593,16,27,30,78
271,2/10/2003,novum Sed bono in Multum trepicandor novum estis,87,40,4,5,50
272,11/15/2007,"Id quo, plurissimum volcans gravum e Tam novum",611,14,27,30,62
273,1/4/2005,"apparens Versus quo, Tam et plorum quad linguens",982,37,43,48,110
274,10/23/2002,non rarendum in quis eggredior. plurissimum et,864,23,38,42,46
275,4/19/2011,"glavans quis Quad fecundio, habitatio glavans",525,38,24,26,100
276,7/12/2012,"vobis plorum glavans non Versus vantis. regit,",136,25,6,7,60
277,5/31/2000,habitatio quad volcans Et linguens essit. gravum,3,31,1,1,104
278,1/16/2010,"gravum manifestum quo, Tam quis non venit. Et",544,4,24,27,37
279,6/16/2012,rarendum quad plorum parte manifestum funem. in,666,31,29,33,67
280,1/10/2006,"gravis si fecundio, fecit. Pro Tam nomen plorum",372,29,17,19,120
281,6/20/2007,estis et et quartu eggredior. Multum,858,15,38,42,75
282,1/22/2001,quantare quartu parte quad imaginator bono fecit.,324,18,14,16,118
283,6/10/2016,pladior apparens quad quad venit. Tam gravum in,775,28,34,38,113
284,4/12/2008,Pro dolorum egreddior Sed plurissimum quo novum,506,6,23,25,99
285,6/15/2002,non novum pars si esset novum non novum non estis,819,15,36,40,81
286,4/15/2010,dolorum quoque quad Pro pars quad travissimantor,526,25,24,26,71
287,3/15/2010,nomen vantis. quad plorum novum Multum vantis. et,508,30,23,26,95
288,1/17/2012,"quo quorum in quo Quad nomen vantis. homo, eudis",161,8,8,8,40
289,9/19/2012,egreddior linguens Pro Multum vantis. et gravum,623,6,28,31,49
290,9/16/2000,"cognitio, parte egreddior travissimantor estis",538,5,24,27,88
291,12/6/2000,si Id essit. travissimantor et manifestum non et,311,6,14,16,64
292,7/24/2012,rarendum et sed quad si quad plorum volcans gravum,248,17,11,12,33
293,2/28/2013,"gravis non Multum pladior quo, non et habitatio",789,40,35,39,37
294,7/20/2008,rarendum nomen essit. eggredior. e Multum sed,439,10,20,23,98
295,3/25/2011,pars Quad quantare vobis nomen nomen e pladior e,916,25,40,45,78
296,4/10/2016,"pars Versus parte vobis Pro si Versus Quad fecit,",333,29,15,17,109
297,5/8/2007,delerium. e manifestum non vantis. pladior essit.,188,12,9,10,82
298,5/4/2014,delerium. trepicandor gravis bono et in e et Et,147,3,7,8,91
299,3/17/2005,et Versus et transit. non bono rarendum essit. si,657,7,29,32,41
300,3/26/2009,"pars linguens travissimantor non quis Longam,",203,16,9,10,54
301,10/4/2001,et estum. non pars Pro pladior eudis Multum,520,26,24,26,48
302,10/31/2008,vobis gravis apparens quad Versus habitatio in quo,492,2,22,25,116
303,11/9/2005,quoque pars Versus habitatio et eggredior. nomen,762,29,34,38,58
304,2/14/2016,"Quad venit. cognitio, novum rarendum quo Et gravum",462,7,21,24,45
305,4/19/2009,"quad sed et quad regit, vantis. quo, novum essit.",97,25,5,5,77
306,4/3/2007,"et estum. rarendum imaginator brevens, Versus",420,3,19,22,68
307,1/27/2005,vobis ut linguens glavans Quad estum. e in gravis,115,4,6,6,62
308,4/14/2010,novum gravis egreddior quad et quartu Pro esset,854,24,37,42,106
309,5/23/2006,parte novum gravum Tam estis nomen Tam quis Versus,552,23,25,27,49
310,5/1/2011,"Versus quo, in plurissimum plurissimum quoque quo",701,6,31,34,44
311,9/1/2003,quartu non volcans e dolorum vobis quad quantare,632,16,28,31,32
312,10/11/2011,quis Tam linguens gravis venit. travissimantor et,14,17,1,1,112
313,5/15/2011,"e parte linguens e Et quad non homo, manifestum",562,1,25,28,78
314,4/7/2012,"brevens, quartu non et brevens, quo gravum Pro",435,23,20,22,42
315,9/24/2008,"linguens si estis et non regit, novum transit. Sed",985,10,43,48,86
316,9/19/2016,Sed quartu fecit. fecit. eggredior. sed linguens,120,31,6,6,38
317,3/10/2003,Versus Multum linguens vantis. linguens in,117,15,6,6,40
318,9/28/2000,"nomen Sed nomen fecundio, non plurissimum e funem.",285,18,13,14,37
319,4/14/2000,"gravis rarendum nomen vantis. brevens, fecit,",624,15,28,31,66
320,5/11/2007,et quorum ut quad esset quo trepicandor vobis,793,26,35,39,81
321,1/7/2010,"vobis regit, Tam volcans egreddior non esset",255,29,11,13,72
322,1/9/2003,nomen quo travissimantor in Quad bono quartu Sed,265,5,12,13,59
323,3/15/2004,nomen trepicandor non trepicandor et gravum gravis,12,18,1,1,86
324,1/15/2007,"Multum glavans venit. quad eggredior. e Longam, et",426,27,20,22,48
325,11/6/2003,travissimantor apparens Et si eudis non in gravis,297,2,13,15,43
326,6/25/2007,plurissimum glavans nomen Pro Id Quad in et plorum,836,33,37,41,46
327,8/24/2011,"linguens nomen cognitio, funem. et e si sed quad",813,7,36,40,54
328,5/24/2013,"si dolorum Longam, vantis. novum estum. rarendum",518,11,23,26,42
329,7/7/2008,"quad et Multum et et habitatio nomen homo, quo,",943,37,41,46,88
330,12/15/2011,"quorum in Longam, volcans et Longam, Quad vobis Id",201,23,9,10,111
331,3/11/2005,"e linguens glavans in nomen linguens homo, vobis",938,34,41,46,99
332,1/3/2003,dolorum quad transit. egreddior apparens novum Sed,845,14,37,41,42
333,11/5/2004,"si Quad dolorum imaginator vobis ut Longam,",890,12,39,44,117
334,3/27/2003,pars plorum Id travissimantor nomen estum. parte,446,33,21,23,43
335,4/11/2004,egreddior novum nomen esset gravis gravis non Id,837,38,37,41,101
336,7/26/2015,non Sed volcans et quantare habitatio estis plorum,352,30,16,18,80
337,2/19/2012,"non Versus quo, Pro Sed nomen non plorum novum",540,7,24,27,90
338,4/30/2000,"fecit. cognitio, glavans quad Pro bono Id Pro",303,3,14,15,98
339,11/30/2015,gravum habitatio dolorum in venit. linguens quo et,402,18,19,21,51
340,2/19/2012,"gravis Longam, volcans parte quad essit. Versus",380,13,17,19,43
341,3/23/2005,"novum Longam, fecit. eggredior. in manifestum et",405,39,19,21,38
342,11/7/2016,et Quad egreddior quartu dolorum ut rarendum non,660,27,29,32,110
343,8/31/2005,quad novum Quad si quo nomen apparens plorum,589,22,26,29,111
344,5/26/2001,"funem. essit. quad ut fecundio, plorum rarendum",924,35,41,45,34
345,12/22/2013,"vobis dolorum brevens, in vobis et Et Multum",908,11,40,44,86
346,2/2/2006,Tam vobis quantare Multum estis plurissimum,294,29,13,15,73
347,3/15/2001,non Id quis vobis quad et e in quorum quad quad,680,33,30,33,76
348,11/27/2000,in eggredior. linguens non vantis. trepicandor,337,21,15,17,116
349,10/1/2016,"quo Longam, Sed si Quad quo, apparens vantis.",448,25,21,23,41
350,6/11/2011,"Pro quad sed pladior quad rarendum nomen fecundio,",785,8,35,39,70
351,2/5/2013,,209,17,10,11,99
352,8/13/2006,"glavans brevens, nomen trepicandor apparens",902,8,40,44,75
353,1/24/2014,"fecundio, Tam estis glavans e Et funem.",503,24,23,25,55
354,10/13/2014,transit. trepicandor e sed quo Et quantare quo,855,27,38,42,80
355,2/24/2016,"gravum trepicandor et bono non fecundio, vobis quo",942,23,41,46,102
356,9/2/2015,Sed et e et quoque pladior quo Id non Id Et quartu,262,20,12,14,110
357,8/22/2004,"brevens, in essit. venit. homo, fecit, quis",477,40,22,24,59
358,10/2/2015,in quantare et egreddior Quad transit. volcans,320,16,15,16,39
359,4/14/2012,sed non nomen bono vobis quo travissimantor novum,176,9,9,10,31
360,10/29/2001,"venit. si travissimantor eudis homo,",251,33,12,13,60
361,7/16/2012,"non e sed vobis esset habitatio bono quo,",606,29,27,30,44
362,8/11/2008,"quo, plurissimum Longam, quad imaginator habitatio",580,28,26,29,50
363,10/11/2001,"pladior vobis funem. Sed quad quad regit, non",900,31,40,44,47
364,5/15/2011,si et quantare manifestum apparens essit. rarendum,354,31,16,18,59
365,2/24/2006,e venit. et plorum novum si vobis Tam quo eudis,746,8,33,37,66
366,9/2/2000,"Quad quis vobis quad gravis fecundio, plorum",773,12,34,38,110
367,12/10/2006,"essit. habitatio non fecit. estum. si cognitio,",109,5,6,6,116
368,2/22/2008,"egreddior cognitio, egreddior rarendum et gravis",92,17,5,5,64
369,12/31/2007,"plorum homo, quad rarendum plorum rarendum",600,39,27,30,62
370,2/5/2010,manifestum pars novum esset quorum gravis novum,629,8,28,31,35
371,8/4/2004,et Versus e transit. parte quorum esset novum,561,39,25,28,69
372,11/13/2002,quartu et eudis rarendum manifestum vobis e Id,801,29,36,40,63
373,10/5/2001,"e quantare eudis vobis imaginator cognitio, Id",859,30,38,42,106
374,1/30/2005,"et Multum plurissimum vobis cognitio, nomen esset",231,27,11,12,53
375,2/21/2002,"nomen vobis fecit, nomen Multum Versus Pro",367,1,17,19,73
376,2/6/2010,apparens et et funem. et Id gravum estum. Versus,581,24,26,29,82
377,4/17/2014,"in gravis rarendum ut fecundio, dolorum nomen",659,24,29,32,68
378,10/24/2002,"dolorum quo funem. essit. linguens regit, et novum",72,7,4,4,81
379,12/30/2009,si novum quantare vobis quo Multum apparens,515,16,23,26,83
380,9/10/2014,novum pladior Quad rarendum et nomen imaginator e,991,1,43,48,91
381,4/15/2006,"Tam quo cognitio, pars quoque Quad eggredior.",151,28,7,8,91
382,10/1/2010,"si pars nomen regit, egreddior eudis estis vobis",456,35,21,24,59
383,7/29/2013,"esset bono Pro quo, eudis parte novum nomen novum",53,17,3,4,30
384,1/2/2014,"glavans Longam, quo plorum bono quo, essit. quo e",142,21,7,8,48
385,10/16/2015,e gravis et et Sed volcans sed in in funem. et,974,6,43,48,42
386,7/5/2015,"venit. Sed Longam, quis plorum quantare pladior",36,27,2,2,54
387,11/16/2005,e estum. quad quad non plorum quad non quo quo non,328,1,15,16,108
388,12/30/2006,estum. e vantis. linguens esset quoque vantis.,32,12,2,2,66
389,1/8/2004,"quad quo, in plurissimum essit. Et non esset",496,20,23,25,61
390,7/17/2005,non quo vantis. quorum si vobis quis gravis,568,32,25,28,111
391,12/8/2010,rarendum in et habitatio quo et in Sed delerium.,851,12,37,42,51
392,4/25/2013,eudis nomen trepicandor eudis funem. vobis quad,221,14,10,11,80
393,12/23/2004,estis Tam novum estum. gravis quorum in Id Id,111,7,5,6,96
394,2/5/2014,travissimantor delerium. Sed gravis dolorum fecit.,156,15,7,8,112
395,7/11/2016,"quoque eggredior. fecundio, venit. non quad",759,38,34,38,119
396,7/18/2013,"quorum linguens delerium. Sed volcans brevens,",820,30,36,40,108
397,1/31/2015,"apparens imaginator Longam, e trepicandor ut",743,34,33,37,92
398,3/25/2011,"linguens Longam, in eudis gravum Id habitatio Id",235,30,11,12,81
399,3/8/2012,venit. esset plorum nomen non linguens rarendum,170,17,8,9,89
400,4/25/2013,"novum ut esset et fecundio, brevens, quo, estis",121,22,6,6,97
401,1/31/2016,"linguens funem. fecundio, in estis quantare parte",174,38,8,9,77
402,12/29/2009,"Quad transit. cognitio, et imaginator si si quorum",572,14,25,28,41
403,11/4/2009,Sed et eudis non estum. novum rarendum plurissimum,724,32,32,35,84
404,8/30/2006,quantare gravis quorum glavans funem. quorum,817,4,36,40,36
405,11/11/2006,"Versus fecit. quo quo, et regit, linguens",228,7,10,11,30
406,3/30/2010,"sed et non brevens, si apparens Et e parte vantis.",390,15,18,20,66
407,11/12/2004,Et nomen quad quad linguens pars in Id Sed et,42,31,2,3,89
408,12/28/2008,"e Sed quorum quo, fecit. vobis quo quoque linguens",284,11,13,14,32
409,8/26/2012,"homo, eggredior. novum cognitio, dolorum linguens",466,4,21,24,37
410,1/22/2006,vobis Versus novum in Versus parte eggredior.,356,8,16,18,49
411,5/22/2001,"gravum pladior manifestum venit. linguens brevens,",603,38,27,30,71
412,11/2/2001,"bono delerium. cognitio, Multum eudis gravis et",403,26,18,20,99
413,10/7/2005,"cognitio, non vobis fecit, brevens, Pro e pladior",783,31,35,39,77
414,7/11/2014,"pladior quad fecit, Multum gravis quis esset Et",190,28,9,10,60
415,6/21/2012,eggredior. esset plurissimum habitatio quartu,93,39,5,5,90
416,10/20/2001,Sed linguens quo pars transit. vobis quis,132,39,6,7,106
417,12/20/2011,"brevens, et vantis. et quantare quad fecit. quo",516,40,23,26,50
418,9/15/2004,e plorum habitatio manifestum manifestum delerium.,748,37,33,37,120
419,7/6/2012,"linguens cognitio, non linguens quad non si bono",371,9,17,18,47
420,7/29/2007,"trepicandor volcans pars regit, venit. fecundio,",719,33,31,35,42
421,9/24/2011,"Longam, Longam, apparens venit. si linguens",437,16,20,22,31
422,11/16/2016,Et quorum gravis quorum si non venit. glavans,77,6,4,5,79
423,2/19/2004,"eudis linguens non et manifestum sed cognitio,",583,4,26,29,33
424,6/19/2002,"imaginator transit. sed apparens fecit, et",39,15,2,2,71
425,2/5/2016,"non nomen quartu pladior venit. quo, bono plorum",771,3,34,38,105
426,3/17/2008,"manifestum egreddior fecundio, quoque pladior",347,24,15,17,109
427,,vobis et glavans et linguens ut bono nomen,702,15,31,34,87
428,10/27/2014,"Versus in quorum Longam, quad Sed quartu Pro in",708,23,31,34,115
429,8/6/2004,"Quad nomen bono Id pars volcans fecundio, fecit,",445,1,20,23,54
430,6/28/2005,"non transit. homo, vobis Longam, plorum quartu",535,20,24,27,85
431,7/12/2005,"sed et egreddior funem. funem. Id cognitio, estum.",838,25,37,41,111
432,12/13/2011,"quad sed in eudis brevens, Pro travissimantor in",408,38,19,21,107
433,1/27/2003,plurissimum et Tam travissimantor glavans fecit.,909,18,39,44,112
434,7/25/2007,"homo, pars e habitatio estis quorum et Et Id",396,23,18,20,106
435,8/12/2013,volcans e eudis nomen Multum ut eggredior.,806,14,36,40,43
436,7/18/2015,"quorum quorum trepicandor parte si Sed quo, bono",576,3,25,28,79
437,3/24/2013,"essit. quoque nomen volcans vobis quo, volcans quo",744,31,33,37,96
438,12/1/2000,"apparens non esset vobis et Id Quad eudis Longam,",232,4,11,12,
439,12/4/2006,vantis. quo eggredior. fecit. estum. eudis,922,21,40,45,115
440,2/26/2007,esset nomen essit. vobis estis dolorum Multum,577,5,26,29,47
441,7/23/2005,"habitatio travissimantor quo, delerium. Pro vobis",981,23,43,48,96
442,8/27/2010,quad si vobis Et plurissimum non si parte Versus,47,16,3,3,85
443,10/25/2013,"fecit. et quorum plorum vantis. Sed homo, novum",536,13,24,27,106
444,4/12/2011,"ut plorum quantare Id Et fecit, quo egreddior",158,34,7,8,58
445,11/22/2014,"nomen Et pladior quo, egreddior quad plorum gravis",957,29,42,47,41
446,3/1/2004,"vantis. quo, funem. e regit, pars quo fecit. novum",421,5,20,22,70
447,2/8/2009,"quorum regit, gravis quad plorum plorum quorum",412,32,19,21,72
448,7/24/2007,"quo essit. non quo, in Quad quoque plurissimum in",919,32,40,45,32
449,5/22/2007,gravis Id non vobis quorum linguens et egreddior,49,10,3,3,65
450,8/21/2001,"Tam non pars quad quoque quad non brevens, et",642,38,28,31,51
451,9/25/2014,novum plorum quoque Tam venit. Pro estum. novum,305,12,14,15,43
452,8/3/2001,gravis si quartu ut et ut trepicandor esset,998,36,43,48,88
453,5/22/2010,apparens plurissimum eggredior. sed vobis glavans,865,37,38,42,93
454,8/25/2015,eudis si et venit. eggredior. non dolorum,429,15,20,22,64
455,8/14/2004,gravum eggredior. trepicandor plurissimum et et,670,37,29,33,77
456,8/6/2001,"quantare gravum pladior homo, quad cognitio,",84,23,5,5,95
457,2/20/2016,"cognitio, quo quis quorum glavans esset nomen",980,8,43,48,118
458,11/13/2005,gravis manifestum pars gravis pladior trepicandor,689,14,30,34,38
459,5/22/2007,"non dolorum in et nomen quorum linguens regit,",45,23,3,3,42
460,7/2/2007,imaginator quo non estis habitatio eggredior.,877,25,38,43,51
461,8/2/2015,"et e eggredior. regit, non plurissimum plorum",696,7,31,34,42
462,5/9/2012,quo estum. quad quartu Sed egreddior vantis.,330,38,15,17,100
463,4/12/2000,pladior manifestum linguens sed e plurissimum,799,25,36,40,95
464,7/7/2003,"quad esset fecundio, bono venit. et gravum quo si",933,27,41,46,98
465,2/18/2007,egreddior travissimantor eudis pars dolorum eudis,494,14,23,25,73
466,1/16/2011,et non vobis Sed gravis novum pars pladior,178,32,8,9,59
467,4/1/2015,nomen bono et gravis gravis funem. plorum in Et,487,25,22,25,84
468,3/18/2011,gravis e quorum quo quad volcans non bono quorum,370,25,17,19,108
469,1/31/2009,apparens transit. quartu quartu volcans Pro et,363,18,17,19,92
470,12/1/2015,"glavans plorum novum Quad pars fecundio, quorum",505,4,23,26,47
471,3/5/2016,e quoque in ut vobis gravis si eudis esset,369,38,17,19,40
472,11/23/2000,"eggredior. si linguens novum quo, quo quis",283,10,13,14,39
473,1/20/2005,Versus nomen quartu in quantare travissimantor,823,22,36,40,56
474,6/26/2014,"quo fecit, Sed novum quo et volcans fecundio,",778,4,34,38,102
475,12/19/2006,"Tam pladior gravum Sed Pro brevens, eudis quantare",722,9,32,35,71
476,11/8/2013,vantis. et si funem. si et quorum Pro quartu,387,27,18,20,77
477,11/5/2014,glavans gravis parte non si linguens quad non,521,17,24,26,45
478,8/10/2005,"quantare Multum pladior et et homo, essit.",401,11,19,21,51
479,3/5/2006,"pars et Tam et trepicandor quo fecundio, e quad",67,20,4,4,112
480,3/27/2015,rarendum quo Multum quo linguens plorum,323,11,15,17,31
481,12/31/2006,"Et regit, quis habitatio parte fecit, plurissimum",913,1,40,44,63
482,8/28/2000,"regit, Id et parte si plorum e ut venit. pladior",758,33,34,38,107
483,6/12/2007,novum vobis Quad et ut e plorum nomen et quad,649,21,29,32,51
484,12/20/2002,"non brevens, parte glavans e quo nomen funem. ut",809,13,36,40,93
485,9/9/2007,"quis si cognitio, quo vobis dolorum trepicandor",227,12,11,12,40
486,12/14/2003,"quad Multum et quorum pladior ut parte fecundio,",832,26,37,41,
487,7/28/2001,"Longam, non trepicandor non quad e novum si bono",545,6,24,27,118
488,5/11/2004,"dolorum pars funem. linguens essit. si Longam, sed",424,28,20,22,48
489,12/14/2002,"plorum si cognitio, essit. e Tam et et pladior",734,12,32,36,73
490,1/11/2012,"et in essit. quad si novum regit, eudis e in",712,10,32,35,64
491,5/3/2016,"plorum parte dolorum et quo, dolorum brevens,",578,12,26,29,41
492,5/16/2007,nomen imaginator rarendum non egreddior si et,52,26,3,4,45
493,6/18/2010,linguens quantare plurissimum quad quartu estum.,171,39,8,9,71
494,5/10/2016,"Tam Id quad Longam, si et plorum eggredior. e",35,24,2,2,83
495,7/2/2008,,881,36,39,43,93
496,2/20/2010,"quorum cognitio, si eudis delerium. imaginator",651,35,29,32,35
497,5/21/2010,quoque vobis fecit. pladior imaginator et quad Id,229,28,11,12,117
498,4/24/2010,parte ut nomen quoque quoque esset quad,597,18,27,30,110
499,2/27/2004,"novum regit, vobis novum quo plorum et quartu quad",630,23,28,31,37
500,11/11/2003,"quorum Sed glavans quo, esset imaginator plorum",766,21,34,38,106
501,11/6/2005,travissimantor gravis gravis vantis. transit.,929,12,41,45,103
502,10/31/2014,et estum. delerium. eudis plurissimum Multum,40,30,2,3,106
503,5/29/2015,"et Longam, estum. Longam, gravum quo, cognitio, ut",527,9,24,27,85
504,5/27/2008,"in regit, plorum quoque gravis Longam, plurissimum",510,31,23,26,61
505,5/24/2002,nomen linguens Tam apparens volcans fecit. vobis,246,18,12,13,48
506,11/6/2013,e estis plurissimum quantare e manifestum glavans,13,26,1,1,41
507,6/19/2013,in sed Et quo Versus in gravis linguens non,160,22,8,9,33
508,11/1/2012,"Pro estis Multum Id quo, plurissimum gravis",71,12,4,4,62
509,9/10/2008,"gravum Multum quad homo, plorum novum Quad et non",721,25,32,35,
510,9/13/2007,parte si habitatio habitatio venit. dolorum e,257,36,12,13,111
511,9/7/2003,"quartu et quo quad cognitio, gravis ut Tam si si",546,15,25,27,114
512,7/17/2010,"glavans cognitio, Id Longam, eudis trepicandor",553,37,25,28,30
513,8/16/2016,"sed manifestum non parte Longam, apparens",609,2,27,30,79
514,2/1/2009,quad Sed nomen non pladior sed estis rarendum,715,26,31,35,97
515,7/5/2000,"fecit. fecundio, glavans cognitio, quad gravum in",956,9,42,47,47
516,12/9/2014,estis gravis Sed quantare et parte delerium. Quad,920,36,40,45,41
517,12/1/2004,quantare non egreddior estum. volcans bono in Tam,681,38,30,33,109
518,3/30/2014,si vobis glavans estum. et quad trepicandor plorum,979,22,43,48,56
519,10/4/2012,quoque vobis quis Pro non venit. sed nomen si,694,5,31,34,78
520,3/11/2003,"gravum pladior e quo, plurissimum Id quad estum.",674,11,30,33,31
521,6/25/2009,non estis plurissimum vobis in esset delerium. si,613,20,27,31,88
522,11/25/2010,"Pro vobis manifestum fecundio, essit. non",55,1,3,3,75
523,4/7/2008,nomen estis eudis volcans e non glavans,626,34,28,31,40
524,12/28/2013,"quo, in estum. Pro linguens non et linguens non",647,36,29,32,41
525,7/5/2016,"manifestum in manifestum transit. linguens regit,",925,20,41,45,73
526,10/24/2008,"quo, e imaginator non quad Sed glavans funem.",306,7,14,16,80
527,5/14/2007,"funem. in homo, plorum travissimantor transit.",104,14,5,6,31
528,8/18/2005,vobis non Id plorum quantare Pro venit. e apparens,781,30,35,38,89
529,12/29/2005,"fecit, apparens Sed nomen non manifestum dolorum",896,6,39,44,77
530,10/5/2013,"parte Tam brevens, non et regit, Tam et bono",73,28,4,4,83
531,6/25/2003,"gravum novum homo, manifestum eudis delerium. si",163,37,8,9,96
532,7/18/2004,"venit. rarendum funem. trepicandor fecundio, in",918,29,40,45,75
533,6/18/2001,glavans nomen nomen ut non travissimantor venit.,765,2,34,38,87
534,4/29/2002,"egreddior quad quad regit, in fecundio, quis",282,40,13,15,37
535,5/24/2009,"Longam, trepicandor linguens Tam quad gravis quo,",378,35,18,20,66
536,2/6/2009,"quis quad vobis eggredior. si quo, plorum brevens,",866,16,38,42,38
537,3/9/2002,Quad trepicandor si estis eggredior. novum non et,220,21,10,12,45
538,12/23/2015,"et et Multum eggredior. e Longam, plurissimum quad",113,24,6,6,98
539,8/2/2000,"Id esset quad bono quo plorum estis esset quo quo,",537,3,25,28,75
540,10/10/2010,linguens novum et pladior Et si gravis delerium.,210,39,10,11,32
541,6/2/2007,eudis quantare fecit. quo estis Sed non venit.,665,34,29,33,81
542,9/1/2005,"dolorum Pro rarendum essit. regit, plorum apparens",450,29,21,24,36
543,8/6/2012,"quad quad transit. cognitio, Sed quo, nomen fecit.",720,38,32,35,85
544,3/9/2012,et pladior ut eggredior. quartu non imaginator,442,26,21,24,57
545,5/9/2008,nomen plorum vantis. eggredior. esset quo sed et e,154,4,7,8,79
546,10/22/2005,"homo, linguens Tam apparens homo, Et Quad rarendum",17,33,1,2,64
547,9/6/2007,eggredior. glavans in quartu quo quad plorum eudis,416,14,20,22,82
548,5/21/2001,"eggredior. non Longam, quo homo, fecundio, Versus",430,30,21,23,69
549,11/10/2015,quartu bono pars vobis nomen quo essit. egreddior,69,3,4,4,54
550,7/1/2010,eudis plorum non quad ut Sed in plorum et parte,949,26,42,47,71
551,3/25/2005,e et e quorum quantare e eudis novum vantis. vobis,961,21,42,47,104
552,1/27/2013,plorum pladior gravis pars bono essit. quo gravis,238,22,11,12,100
553,6/26/2014,"si Et homo, cognitio, parte essit. Et si cognitio,",895,4,39,44,68
554,12/22/2000,"manifestum quartu novum quo, si quis fecundio, non",948,18,42,47,108
555,4/25/2011,quoque dolorum estis eudis delerium. quantare,148,5,7,8,70
556,11/19/2011,si vantis. trepicandor Multum Sed quad Quad,863,8,38,42,60
557,7/29/2006,"Longam, gravum plorum et linguens Longam,",379,20,18,20,92
558,6/5/2001,"et fecundio, estis brevens, homo, non quad non",878,9,39,43,94
559,10/28/2008,"fecit. estum. si Tam quo, quo dolorum vantis.",584,6,26,29,41
560,7/6/2010,vantis. plurissimum glavans quo plorum rarendum,926,13,41,45,101
561,6/29/2006,manifestum vantis. delerium. plurissimum,891,7,40,44,47
562,11/5/2007,funem. Pro ut eudis et quoque essit. gravum,353,34,17,19,72
563,11/7/2006,linguens imaginator e delerium. quantare bono Id,162,23,8,9,77
564,11/13/2011,Multum novum estis dolorum quad sed rarendum pars,636,18,29,32,99
565,3/24/2004,eudis quis novum pladior quartu glavans quo esset,85,37,5,5,44
566,1/27/2016,non volcans venit. imaginator glavans egreddior,614,13,28,31,69
567,2/1/2009,"Versus regit, estum. estis Tam non pars plorum",761,9,34,38,63
568,4/24/2014,"quo, et quantare quo novum apparens sed",308,24,14,16,72
569,8/16/2016,"estis habitatio novum rarendum fecit, apparens",302,13,14,16,61
570,5/4/2008,novum si vobis gravis estis travissimantor quartu,90,18,5,5,38
571,10/5/2012,"e ut gravis quo, estum. non non quad rarendum",687,2,30,34,116
572,11/16/2005,egreddior et non eggredior. gravis novum esset,532,21,25,28,40
573,9/1/2013,bono linguens non et in bono Et non et et quartu,395,8,19,21,101
574,12/30/2001,"bono non quantare bono Longam, gravum in Multum",452,36,21,24,76
575,9/15/2012,"Id novum et gravum brevens, quo, volcans pladior",7,37,1,1,71
576,10/28/2003,gravis plurissimum si non ut et volcans Pro e si,137,9,7,7,82
577,3/27/2015,"et si Tam quo, pars ut et quis quartu transit.",318,23,15,17,111
578,1/5/2013,"in quo Sed et dolorum fecundio, in imaginator quo",159,31,7,8,104
579,8/24/2005,et plurissimum pars Pro e funem. travissimantor,464,24,22,24,83
580,9/18/2010,"plorum quo, quo, Quad et gravis quo non non sed et",899,34,40,44,39
581,2/22/2001,dolorum nomen habitatio si quad sed plurissimum,860,34,38,42,119
582,12/28/2005,eggredior. novum et estis si gravum eggredior.,622,4,28,31,83
583,9/15/2006,"Quad et egreddior estis travissimantor fecit,",706,22,31,35,65
584,6/6/2012,"venit. si quo, non et parte delerium. linguens",940,22,41,46,36
585,7/16/2008,"Tam in homo, parte habitatio estum. pladior Multum",100,32,5,6,99
586,5/4/2007,Sed quad vobis pladior et et rarendum funem. et,914,33,40,45,117
587,12/29/2006,"brevens, Quad gravis e Tam homo, Id dolorum plorum",19,25,1,1,36
588,7/1/2000,nomen sed eggredior. parte quantare novum in Quad,798,38,36,40,99
589,12/12/2007,manifestum non si Sed Pro non Tam vobis estum.,134,33,6,7,88
590,6/11/2014,"vobis imaginator novum non et esset essit. regit,",489,29,23,26,35
591,7/16/2002,Tam venit. estum. sed essit. in quorum Quad,427,4,21,23,67
592,10/7/2000,"nomen cognitio, linguens linguens eudis",329,33,15,17,72
593,2/28/2007,"travissimantor non plorum regit, travissimantor",480,18,23,25,87
594,1/3/2007,"transit. quo ut quoque gravis fecit, transit.",610,21,28,31,95
595,4/16/2004,"rarendum fecit, gravum si Id quad Tam nomen",298,21,14,15,106
596,7/3/2016,"imaginator fecundio, bono quo, et trepicandor",286,26,13,15,39
597,10/1/2015,Et eggredior. linguens delerium. e quo Multum,304,5,14,16,80
598,9/28/2000,"quis quad Tam habitatio rarendum fecit, nomen",66,35,4,4,107
599,12/20/2007,"glavans nomen nomen homo, volcans pars Pro essit.",366,39,17,19,42
600,3/20/2009,sed quorum plurissimum quantare ut estis Tam,498,3,23,26,40
601,8/26/2013,"quad bono vobis homo, et linguens in venit. quad",233,6,11,12,31
602,4/20/2010,"essit. cognitio, in bono et manifestum Et si bono",125,16,6,7,40
603,9/11/2001,parte non eudis Tam vobis eggredior. estum.,150,7,7,8,38
604,7/12/2007,trepicandor Pro e nomen transit. Versus e quartu,969,7,43,48,46
605,9/1/2014,"Longam, quad linguens esset quartu quartu",263,13,12,13,75
606,4/14/2016,Id quad venit. novum quad pars gravis vobis in si,385,28,18,20,93
607,5/4/2016,"nomen quo, quo Id linguens regit, vobis et ut quo",800,9,36,40,120
608,7/1/2012,"cognitio, ut quad fecundio, quantare egreddior",399,40,19,21,113
609,3/15/2005,Quad delerium. quad bono eggredior. venit. volcans,945,40,41,46,67
610,7/2/2007,Sed in nomen fecit. novum non quoque gravis et,9,40,1,1,109
611,7/31/2013,"eggredior. pars in et regit, e in fecit. quoque si",519,18,24,26,70
612,6/30/2010,quis gravis quo venit. si rarendum nomen habitatio,239,8,11,12,109
613,9/17/2012,quorum estis quad Multum linguens plorum non non,376,21,18,20,41
614,1/17/2015,"brevens, quantare quartu regit, rarendum quo, et",691,20,30,34,32
615,5/18/2009,"quad plurissimum si dolorum novum e Multum Longam,",56,33,3,4,102
616,7/6/2000,"et cognitio, fecit, novum fecundio, brevens,",266,12,12,13,85
617,2/24/2001,sed Sed trepicandor plorum eggredior. quartu,661,4,29,32,37
618,5/10/2011,"sed glavans quantare bono quo, nomen brevens, et",213,38,10,11,71
619,5/3/2003,"regit, regit, fecit, plorum Tam homo, egreddior",530,36,24,27,120
620,10/27/2013,"et Tam linguens funem. vobis quo, Quad vobis",172,1,8,9,48
621,,"fecit. et apparens non nomen volcans fecit. quo,",598,26,27,30,62
622,2/1/2009,"non esset eggredior. essit. novum cognitio, Id",953,33,42,47,84
623,8/7/2008,in quo venit. vobis gravum et quorum Versus et Pro,186,3,8,9,104
624,5/18/2006,bono linguens apparens novum habitatio quad,774,7,34,38,55
625,3/11/2002,"quad egreddior nomen pladior Et homo, quorum et",621,27,28,31,91
626,10/24/2005,transit. rarendum Et e e non habitatio glavans,345,7,16,17,74
627,1/2/2012,delerium. et Sed quartu Sed habitatio nomen,44,8,3,3,74
628,8/26/2015,et Quad et bono Id gravis Et esset estum.,784,22,35,39,36
629,9/3/2006,et esset nomen vobis novum et e Versus Pro parte,177,29,8,9,90
630,8/21/2014,plorum vobis funem. sed et Pro non parte Quad,716,17,31,35,61
631,2/18/2013,estum. venit. travissimantor estum. non e in nomen,816,27,36,40,31
632,1/2/2005,Id sed sed non trepicandor parte Tam e si Pro,261,35,12,13,34
633,7/3/2014,quis delerium. si imaginator parte quad nomen,754,26,34,38,91
634,1/20/2005,"quo, bono si parte novum plurissimum parte ut",954,38,42,47,72
635,,gravis gravis plurissimum quantare esset egreddior,672,40,30,33,38
636,5/13/2013,"brevens, quo, quoque in quad quo, si volcans homo,",738,27,33,36,109
637,12/30/2013,"novum esset non quantare fecit, Pro plorum sed quo",461,12,22,24,74
638,10/11/2007,quo vobis et et vobis quis estis dolorum non quo,732,3,32,36,48
639,4/22/2004,et nomen plurissimum egreddior non novum eudis,678,39,30,33,81
640,2/10/2016,"Pro vobis plorum travissimantor nomen si quo, in",700,4,31,34,36
641,9/11/2014,Multum fecit. linguens trepicandor sed pladior,101,36,5,6,118
642,3/9/2009,"quo, nomen e nomen gravis gravum quorum nomen",574,20,26,29,44
643,12/7/2007,linguens apparens trepicandor volcans Tam fecit.,861,31,38,42,61
644,6/5/2011,travissimantor travissimantor si novum quad et,122,8,6,7,100
645,3/25/2012,"brevens, travissimantor linguens glavans in plorum",975,15,43,48,86
646,6/15/2000,"sed quis quo, eggredior. quoque essit. quantare et",222,35,10,11,79
647,11/14/2000,dolorum volcans Tam imaginator Multum quorum,935,6,41,46,61
648,12/23/2008,Sed quantare gravum e vobis egreddior pars quad,808,20,36,40,85
649,12/27/2004,"quantare rarendum gravis quo, novum et estis bono",541,28,25,28,113
650,1/17/2009,glavans gravis quorum fecit. habitatio pladior,37,4,2,3,51
651,7/25/2014,"in brevens, in vobis quo quoque imaginator quad",615,3,28,31,31
652,10/16/2003,novum non Et quorum quad si habitatio apparens e,83,8,5,5,39
653,5/14/2015,et quad gravis parte Et Multum trepicandor funem.,485,33,23,26,107
654,5/28/2004,"Et nomen homo, fecit, pladior gravis pladior",214,25,10,11,115
655,5/4/2014,venit. trepicandor trepicandor si quorum et novum,905,16,40,45,99
656,1/29/2011,"venit. quo transit. bono funem. brevens, novum",272,6,12,14,67
657,2/21/2000,"travissimantor eudis in Quad eudis fecundio, e",930,7,41,46,56
658,1/22/2005,"linguens estum. homo, quo estis Id travissimantor",350,6,16,18,103
659,12/8/2003,"sed imaginator vobis quad pladior cognitio, Pro",343,5,16,17,75
660,6/8/2016,estis egreddior travissimantor manifestum,887,13,40,44,31
661,9/22/2001,linguens gravum novum linguens venit. glavans et,340,20,16,17,49
662,9/3/2002,plorum volcans parte glavans in estis quantare,20,9,1,2,113
663,8/24/2000,venit. non pladior eggredior. volcans manifestum,249,39,11,13,53
664,9/5/2009,"quantare quo Longam, Id Et quad venit. novum in",240,23,11,12,36
665,10/18/2014,estis Id si in parte sed rarendum novum delerium.,183,35,8,9,107
666,12/31/2008,"quad nomen estum. funem. fecundio, vantis. funem.",287,17,12,14,66
667,7/4/2002,"plurissimum et Tam pars nomen Longam, quoque eudis",440,11,21,23,47
668,1/5/2016,"glavans regit, nomen glavans esset linguens quartu",413,36,19,21,89
669,6/13/2005,"quartu Longam, fecundio, Sed quo eudis vobis",11,11,1,1,115
670,4/13/2016,"et venit. novum brevens, quo, in dolorum",316,22,14,16,113
671,1/22/2001,"et et eggredior. linguens quantare Versus Longam,",756,39,34,38,40
672,8/11/2001,in imaginator quo nomen gravis Quad gravis quo,910,26,40,45,109
673,2/19/2013,"glavans glavans si homo, et et pladior et venit.",517,10,24,26,110
674,12/22/2001,"homo, egreddior Sed linguens venit. esset gravum",828,40,37,41,114
675,8/4/2013,e venit. manifestum venit. quad transit. estum.,51,18,3,3,50
676,1/31/2011,plurissimum nomen trepicandor habitatio Multum,10,10,1,1,47
677,11/25/2005,Sed quad trepicandor venit. Quad quoque non si,94,1,4,5,52
678,8/5/2014,"quad et fecundio, vantis. imaginator et Id Versus",62,36,3,3,34
679,4/21/2013,et nomen eudis Versus transit. pars et quad gravis,787,37,35,39,90
680,12/6/2005,"delerium. Tam brevens, plorum vobis Et rarendum",392,34,18,20,42
681,4/30/2001,fecit. transit. vobis quad e apparens quorum,398,16,18,20,42
682,10/8/2013,"quad habitatio Multum sed vobis et Longam, et non",234,15,10,11,110
683,1/10/2007,"quo quis estis volcans quo Longam, non parte",237,31,10,12,43
684,8/12/2006,"rarendum venit. quo, et estis rarendum novum Pro",133,1,6,7,68
685,1/15/2009,"habitatio e trepicandor parte fecit, e trepicandor",78,15,4,4,60
686,11/9/2010,esset volcans parte pars quoque Pro et pars,735,7,32,36,113
687,9/14/2014,transit. non si Multum linguens rarendum in,730,20,32,36,47
688,8/11/2000,"quad cognitio, quad dolorum non et plorum quantare",548,34,24,27,96
689,3/5/2000,"Quad vantis. Tam Versus linguens fecit, si",43,22,2,3,
690,11/28/2010,linguens sed bono non funem. e imaginator quis,393,31,18,20,94
691,3/26/2013,manifestum in egreddior nomen et quad quad pladior,795,39,35,39,91
692,12/11/2008,gravis sed bono Et non e gravum novum et quo Quad,138,29,6,7,83
693,11/8/2003,"novum gravum plurissimum funem. et non e ut fecit,",384,7,17,19,92
694,10/20/2004,"quis glavans homo, linguens transit. et fecit.",753,18,34,37,93
695,5/25/2014,"non ut esset fecundio, ut fecit. non estum. Et",359,16,16,17,79
696,1/13/2012,"fecit, apparens non fecit. trepicandor glavans quo",95,33,4,5,107
697,7/20/2008,"quo vantis. egreddior homo, quad plorum quad non",355,22,15,17,34
698,3/10/2015,et nomen gravum quo Sed et eggredior. vobis gravis,627,31,28,31,112
699,7/25/2013,"fecundio, quo, quartu fecit, pladior non transit.",939,31,41,46,55
700,3/29/2003,"quo, rarendum rarendum dolorum non imaginator e",705,31,31,35,113
701,11/19/2014,"brevens, et quad habitatio quantare homo, Sed ut",747,23,33,37,50
702,10/17/2001,"gravum vobis si nomen et egreddior brevens, quo",490,32,22,25,61
703,7/16/2003,gravis et vobis quo gravis trepicandor quad,804,2,35,39,92
704,8/21/2005,"cognitio, eggredior. Et homo, vobis manifestum",267,7,11,12,91
705,12/31/2007,"Id trepicandor in eudis pars rarendum quo,",281,16,12,13,120
706,12/18/2012,e vantis. gravis essit. non plorum linguens Multum,709,37,31,35,41
707,8/3/2007,"habitatio cognitio, estis Et plurissimum fecit. si",547,30,24,27,42
708,5/27/2013,"gravis quorum volcans si brevens, in habitatio",682,25,30,33,49
709,9/30/2007,nomen Tam quo plurissimum gravum estis non non,167,11,7,8,113
710,4/8/2003,parte estum. linguens novum estum. Versus plorum,886,20,39,44,94
711,3/10/2005,"eggredior. et imaginator quo, essit. si",196,30,8,9,81
712,6/24/2002,quo esset si trepicandor et eggredior. gravis non,870,18,38,43,44
713,9/9/2008,"ut et delerium. essit. quo eudis quo, manifestum",558,18,25,28,52
714,12/8/2014,"bono transit. novum estis fecit, gravis brevens,",946,10,41,46,43
715,2/12/2015,"egreddior Quad pars e fecit, pars vobis imaginator",474,23,22,25,
716,11/20/2004,si nomen in nomen bono plurissimum dolorum Id,127,10,6,6,63
717,7/31/2012,eudis in habitatio novum quad novum funem. bono,780,15,35,39,110
718,12/20/2010,"funem. egreddior quorum quoque vobis si fecundio,",126,40,6,6,60
719,8/24/2000,"in in pars Quad Longam, quo essit. quo quorum",180,2,8,8,100
720,12/14/2003,"linguens si habitatio funem. et quad quo,",428,6,20,22,105
721,3/26/2011,"cognitio, vantis. non volcans fecit, dolorum",529,32,24,27,96
722,11/26/2001,estis quoque apparens travissimantor Tam quo Pro,906,40,40,44,114
723,11/5/2015,quis linguens Multum non dolorum dolorum gravum,383,12,17,19,48
724,6/22/2011,bono quantare plorum quorum nomen delerium.,595,10,27,30,71
725,1/22/2003,"nomen et estis nomen regit, gravis dolorum nomen",482,17,22,25,116
726,1/17/2009,"venit. volcans quad nomen sed fecit, linguens in",653,13,28,32,53
727,9/9/2014,"Tam non fecundio, dolorum Sed estum. si in et",514,37,24,26,60
728,5/6/2008,apparens gravis vantis. novum e plorum in pladior,755,17,34,37,68
729,7/5/2004,quoque Versus gravis Pro trepicandor imaginator,460,5,22,24,46
730,7/27/2001,"estum. quo, e Pro regit, in dolorum eggredior. in",971,24,42,47,61
731,7/17/2002,Tam esset fecit. e quad pladior Multum linguens,663,15,29,33,36
732,8/25/2007,estis apparens et manifestum manifestum parte,431,34,20,23,46
733,1/15/2001,"manifestum Longam, e imaginator quo delerium.",114,27,6,6,56
734,1/28/2010,travissimantor transit. sed venit. dolorum bono,82,22,4,5,118
735,12/25/2007,"linguens plorum quo, parte homo, ut nomen non et",645,29,28,32,41
736,6/20/2016,"et transit. fecit, non Longam, non travissimantor",883,21,39,44,69
737,3/29/2010,"Et funem. Pro eggredior. brevens, parte esset et",397,37,18,20,101
738,5/25/2001,pladior e bono transit. estis glavans quad non,972,27,43,48,71
739,7/19/2015,si Pro quis et glavans gravum trepicandor ut,846,35,38,42,48
740,1/4/2013,"quo et dolorum Longam, plurissimum quo in",349,4,16,18,43
741,4/13/2003,"trepicandor delerium. quis quo quis fecit, Longam,",193,4,8,9,57
742,4/23/2001,Pro quis linguens ut quorum Quad non egreddior,38,6,3,3,47
743,10/18/2009,"quo estum. si Quad eudis homo, gravis et e gravis",386,24,18,20,94
744,11/4/2013,"gravis linguens habitatio Tam Longam, habitatio",143,14,7,7,54
745,9/24/2005,"delerium. et regit, quoque egreddior ut et quoque",224,13,10,11,32
746,10/7/2010,eudis transit. Id rarendum funem. essit.,915,38,40,45,42
747,4/6/2000,gravum vobis funem. pars non e quad et ut plorum,563,33,25,27,76
748,11/6/2005,"brevens, in imaginator rarendum essit. Pro",418,20,19,21,61
749,8/14/2006,"novum fecit, quartu glavans Id volcans homo,",277,22,12,13,79
750,7/8/2009,"non Longam, et e Et non quorum sed egreddior si",243,40,10,12,60
751,5/21/2016,"glavans fecundio, homo, e brevens, nomen apparens",307,28,13,15,90
752,7/8/2014,"habitatio dolorum homo, funem. Et fecit. rarendum",236,34,10,11,77
753,7/20/2014,manifestum quis nomen novum gravis linguens quorum,454,21,20,23,55
754,8/15/2009,,479,11,22,24,36
755,12/9/2008,"non in quorum si gravis fecit, et gravis fecit.",168,18,8,8,79
756,12/27/2012,Tam non plurissimum volcans quad plurissimum esset,839,9,37,41,119
757,11/18/2002,"et non funem. regit, plorum in quartu estis bono",116,6,6,6,32
758,12/30/2008,"Sed quoque quad quis glavans nomen quo, quartu",202,37,9,10,110
759,8/3/2002,"fecit, e non vobis Id delerium. quad Id Pro",740,6,32,36,96
760,11/19/2015,"homo, et trepicandor eggredior. in manifestum",617,12,27,30,67
761,3/17/2015,e gravis volcans e esset imaginator non glavans,187,5,8,9,90
762,3/4/2016,"volcans nomen et Longam, essit. manifestum fecit.",782,34,34,38,93
763,11/25/2008,"quo, novum trepicandor sed funem. in bono in et",205,10,9,10,117
764,3/9/2006,nomen bono novum vantis. bono quo et Versus,198,31,8,9,108
765,9/25/2000,parte gravis rarendum et Id in si quartu et Tam,268,28,11,12,107
766,6/23/2014,"et venit. gravis Tam essit. Longam, Multum novum",726,2,31,35,78
767,6/12/2001,"trepicandor bono brevens, brevens, Versus",763,32,33,37,55
768,7/20/2015,"eudis quis cognitio, quo quartu essit. vobis Pro",468,15,21,23,47
769,12/19/2006,"non volcans plorum trepicandor imaginator Longam,",325,26,13,15,40
770,8/1/2015,in ut quad delerium. essit. Et non nomen quad,592,37,26,29,94
771,7/31/2011,"estis Multum quo et Multum cognitio, et quorum",711,40,31,34,82
772,3/12/2011,"plorum linguens linguens cognitio, dolorum",812,12,35,39,68
773,5/9/2012,glavans estis glavans Id quorum parte vobis Quad,290,33,12,13,41
774,7/26/2004,gravum et gravis eudis Versus linguens manifestum,805,21,35,39,86
775,9/6/2000,estum. in gravum e imaginator quo quad Sed pars e,293,9,12,13,78
776,12/6/2009,"Multum in quartu plorum plorum Et quo, si et et",484,1,22,24,79
777,1/14/2009,"novum brevens, novum brevens, quis non fecit.",511,22,23,25,50
778,1/5/2002,"brevens, quantare plurissimum in fecit, quo plorum",258,2,11,12,114
779,10/2/2005,Tam ut nomen gravum venit. eggredior. non,400,10,18,20,69
780,3/23/2009,"homo, pars quo imaginator Pro apparens trepicandor",587,34,26,29,
781,10/17/2008,Et vobis venit. trepicandor Sed Sed vobis nomen,74,24,4,5,104
782,11/7/2008,vobis in quantare si quad quoque rarendum,88,10,5,5,97
783,9/26/2001,imaginator Id quartu pars funem. quad Pro nomen,495,35,22,25,120
784,12/4/2011,quantare habitatio quad eudis plorum Versus,292,25,12,13,110
785,2/12/2002,"et fecundio, imaginator Versus Pro plurissimum",695,12,30,33,106
786,12/16/2004,"nomen novum esset vobis cognitio, homo, estum.",434,8,20,22,92
787,1/11/2010,Quad funem. gravis plorum non quad et et in,1,30,1,1,80
788,5/9/2008,si quantare Quad manifestum parte vobis venit.,644,9,27,30,111
789,2/22/2001,trepicandor rarendum dolorum funem. in egreddior,934,4,40,45,49
790,12/5/2011,plurissimum manifestum egreddior non estis quad,821,34,35,39,68
791,,egreddior et eudis in esset transit. bono rarendum,779,6,34,38,42
792,8/6/2013,"nomen quad quad trepicandor estis cognitio, quad",226,5,10,11,67
793,4/3/2001,rarendum sed dolorum non ut quad Id gravis,256,32,11,12,112
794,9/28/2015,Versus et e quoque manifestum estum. quad vobis,271,4,11,12,95
795,8/5/2016,"sed sed quad glavans venit. fecundio, et et",197,34,9,10,101
796,9/27/2014,"Longam, quartu et vobis vobis funem. novum",406,1,18,20,74
797,1/15/2004,"venit. fecundio, in Quad fecundio, eudis",857,6,37,41,84
798,5/5/2009,"quo gravis pars quo quis ut pladior Pro brevens,",212,33,10,11,51
799,8/15/2003,si rarendum eggredior. imaginator nomen Et,911,17,40,44,106
800,2/13/2013,plorum quoque dolorum plorum plurissimum funem. ut,493,21,22,24,68
801,3/9/2008,"venit. gravis in quorum et homo, quantare estis et",141,2,7,8,74
802,5/1/2009,funem. venit. gravum et non plurissimum si si si,68,13,4,5,108
803,8/25/2001,"Pro regit, quad e essit. Versus eudis Longam,",128,11,6,7,58
804,10/26/2015,"Sed plorum plurissimum imaginator et brevens, quo",683,9,29,32,50
805,12/21/2007,gravis quartu parte plurissimum vantis. gravis,550,22,23,26,105
806,11/15/2014,"et Longam, Et quad quartu pars non rarendum quad",473,8,21,24,98
807,3/15/2005,"et vobis vobis fecit, plorum et vobis e non Sed",965,13,42,47,51
808,3/4/2002,travissimantor e e gravis essit. quoque gravis,679,1,29,32,65
809,12/28/2009,eggredior. quad sed dolorum parte volcans plorum,253,25,10,11,89
810,12/13/2008,"Pro delerium. estis et Longam, sed imaginator Pro",690,35,29,33,79
811,12/10/2015,egreddior Et et linguens quantare quorum vobis et,346,28,14,16,30
812,12/17/2003,volcans transit. quis funem. plurissimum Quad ut,873,39,38,43,98
813,11/16/2000,"estum. brevens, in bono et regit, transit. ut",796,1,35,39,38
814,4/3/2003,"quartu parte non parte si et fecundio, volcans si",140,36,7,8,71
815,4/19/2010,"et et delerium. quantare et regit, quartu transit.",551,8,23,26,113
816,2/6/2007,Tam plurissimum quis vobis imaginator non Sed,46,37,4,4,91
817,5/13/2006,novum novum plurissimum et travissimantor e quartu,317,8,13,14,91
818,6/13/2014,"habitatio regit, Pro travissimantor quo quis in",944,16,41,45,104
819,11/29/2013,"et transit. homo, vobis Sed quad sed regit, quo,",509,34,22,25,40
820,1/30/2004,gravum Pro quad sed estum. quo fecit. nomen esset,797,33,35,39,46
821,9/15/2012,esset transit. gravis vobis si transit. egreddior,736,28,31,35,56
822,6/15/2004,fecit. plorum Pro parte si habitatio,135,38,7,7,87
823,1/10/2010,imaginator et Et linguens Et gravis habitatio et,570,2,24,27,35
824,5/31/2014,quantare plurissimum vantis. plurissimum Quad,475,37,22,24,100
825,12/22/2011,gravis sed trepicandor parte Tam bono et Id quad,842,36,36,40,118
826,12/29/2001,Tam vobis apparens quoque gravis si estum.,463,28,21,24,57
827,5/3/2010,quo sed Sed transit. vobis quoque quad estis,586,30,25,28,91
828,5/20/2012,"Sed quo, quad gravum linguens linguens non vobis",8,16,1,1,94
829,9/9/2012,quo eggredior. vobis quad dolorum gravum linguens,638,17,27,30,60
830,10/6/2006,"cognitio, eggredior. eggredior. parte quo",872,17,38,42,42
831,7/29/2013,linguens Quad gravum et dolorum gravis et venit.,658,28,28,31,114
832,8/7/2000,"et brevens, quad et transit. et glavans Longam,",332,9,14,15,58
833,6/5/2005,"regit, quad quad et plorum gravum linguens et pars",358,37,15,17,65
834,10/29/2005,plorum volcans gravum gravum non travissimantor,898,30,39,44,75
835,7/1/2014,vobis si vobis Quad in estum. quorum manifestum,414,2,19,21,115
836,10/29/2016,venit. Quad vantis. linguens gravis apparens,4,22,1,1,116
837,2/27/2007,nomen quoque plorum Versus gravis non Id egreddior,966,3,42,47,69
838,12/20/2009,quoque nomen rarendum travissimantor Quad,844,21,37,41,99
839,9/12/2010,"si in plorum fecit, eggredior. vantis. funem.",742,30,32,36,35
840,12/26/2013,pladior Versus travissimantor quartu et habitatio,204,40,9,10,38
841,11/5/2013,"homo, Et cognitio, essit. glavans quad novum",455,14,21,23,70
842,10/18/2002,"Quad novum homo, et regit, estis gravum non",360,40,15,17,44
843,1/18/2000,novum e habitatio novum imaginator apparens quo,389,6,17,19,52
844,5/2/2016,et linguens glavans Id Pro Sed delerium. Sed,296,36,12,13,90
845,2/20/2002,"Tam in brevens, Multum quo plurissimum in brevens,",472,22,21,24,67
846,12/23/2007,"non non brevens, Sed Quad gravis travissimantor",892,28,39,44,65
847,9/23/2012,venit. eudis Id essit. fecit. in plurissimum vobis,419,13,19,21,58
848,12/7/2014,"brevens, imaginator quis quad rarendum quad et",64,21,4,5,70
849,6/15/2005,volcans quad vobis et habitatio plorum glavans,729,35,31,35,102
850,7/4/2009,"e dolorum non et Tam plorum nomen regit,",107,13,6,6,40
851,5/20/2008,quis vantis. fecit. eggredior. transit. quo in e,106,20,5,6,103
852,7/10/2006,plurissimum Multum estum. manifestum dolorum,923,14,40,44,101
853,5/13/2012,Pro plurissimum quantare et gravis estis e vobis,728,14,31,35,40
854,6/22/2016,"et habitatio si fecit, Et in trepicandor",98,9,5,6,89
855,6/3/2000,novum et Pro non vantis. gravis essit. fecit.,788,16,34,38,42
856,9/29/2003,linguens eudis imaginator travissimantor linguens,21,29,1,1,108
857,3/28/2016,"transit. vobis in gravis fecit, sed essit.",569,36,24,26,102
858,3/2/2004,estis Et esset trepicandor quorum in glavans vobis,656,12,28,31,79
859,11/9/2003,linguens et bono egreddior quartu sed bono et Quad,849,3,37,41,53
860,12/26/2005,"quorum pars manifestum et linguens si volcans quo,",26,14,2,2,78
861,7/18/2004,gravum eudis Tam quis et non plorum venit. bono,921,2,40,44,36
862,10/2/2009,"homo, dolorum pladior apparens in funem. si ut",962,14,41,46,78
863,6/1/2006,linguens quad et vantis. si Quad in eudis essit.,29,13,3,3,35
864,3/29/2003,"rarendum quartu fecundio, brevens, gravis fecit.",368,33,16,18,76
865,4/23/2012,"quo non non plorum quad linguens Longam, novum",24,2,1,2,
866,5/8/2015,Quad pars plorum fecit. linguens Multum volcans e,23,36,1,1,86
867,6/20/2015,"quad venit. plurissimum novum Et si brevens, in",571,21,24,26,93
868,12/26/2011,"Pro quorum plorum brevens, quo vobis Versus quorum",879,29,39,43,63
869,9/9/2005,nomen dolorum Multum estis quo in habitatio Id et,737,24,32,35,84
870,5/28/2010,"parte et egreddior brevens, Sed Longam, novum",543,27,23,26,76
871,11/16/2016,vantis. Multum estum. gravum linguens Quad quad,124,37,5,5,117
872,4/30/2013,"quo imaginator cognitio, linguens manifestum bono",425,24,20,22,52
873,10/5/2003,"glavans quis cognitio, sed transit. gravis Pro",245,11,9,10,112
874,11/9/2016,"Et plorum cognitio, parte regit, fecit, delerium.",336,2,13,15,98
875,3/2/2007,funem. Multum bono Tam travissimantor habitatio,344,12,14,16,32
876,12/2/2009,Versus vobis trepicandor gravis quo glavans novum,391,30,17,19,96
877,6/1/2004,venit. et estis vobis ut habitatio delerium. vobis,752,11,33,37,41
878,8/16/2010,"regit, linguens cognitio, Sed e cognitio, in novum",327,39,13,14,65
879,4/14/2012,"sed non vobis regit, quo Multum non fecit.",16,1,1,1,65
880,1/3/2004,bono quo estum. volcans ut estum. quo vobis bono,947,11,40,45,62
881,3/13/2006,"essit. et et plorum funem. quad homo, esset quo",57,38,3,3,83
882,5/3/2012,"vobis et pars Longam, gravum egreddior homo, vobis",524,33,21,24,119
883,12/9/2006,"Longam, Longam, eggredior. quad e fecit, quad",338,14,14,15,50
884,3/12/2003,et gravum Pro apparens fecit. quad sed e non,531,2,22,24,112
885,4/24/2015,nomen estum. vobis volcans vobis Et gravum Multum,770,13,33,37,49
886,1/23/2007,si Tam estis funem. delerium. egreddior si quad,745,22,32,35,59
887,3/3/2005,et Sed novum travissimantor vobis Versus egreddior,620,24,26,29,42
888,11/20/2005,"fecit. apparens Longam, e transit. linguens",274,30,10,11,47
889,5/31/2005,"brevens, funem. transit. bono vantis. quad gravis",157,30,6,6,96
890,10/7/2010,"novum vobis estis vobis et et bono Pro homo,",422,12,18,20,63
891,8/6/2000,"Multum Versus quis gravis e funem. homo, vobis si",471,31,20,23,37
892,12/31/2002,"et Quad gravis quo, fecit, in gravum novum si in",364,26,15,16,43
893,2/14/2006,"Longam, non delerium. et Id rarendum glavans",6,23,1,1,110
894,9/21/2004,esset Versus vobis vantis. quorum Sed nomen ut Sed,725,36,31,34,
895,6/14/2009,funem. nomen non Et in vobis et in travissimantor,331,25,13,14,76
896,2/7/2004,"esset Quad non estum. e regit, quo, gravum nomen",588,31,23,26,78
897,4/25/2013,e si dolorum sed funem. fecit. novum nomen si,335,36,13,15,31
898,9/28/2013,"quo Tam plorum ut in Longam, dolorum ut apparens e",48,40,2,2,113
899,1/14/2004,"brevens, et Pro vobis et funem. quartu fecit,",301,20,11,12,39
900,9/21/2003,rarendum vobis nomen rarendum rarendum esset Sed,528,29,20,23,96
901,6/11/2009,"fecundio, plurissimum funem. funem. e quad Sed non",409,25,16,18,34
902,10/3/2000,"homo, delerium. non et e in vobis homo, et et",608,36,24,27,95
903,4/2/2009,"Versus plurissimum fecundio, nomen venit. Longam,",404,17,16,18,31
904,12/26/2011,"fecundio, sed vobis quantare bono in delerium.",207,18,8,9,94
905,7/25/2009,"fecit. non Longam, homo, travissimantor non funem.",28,20,1,1,115
906,12/27/2011,et quoque gravis linguens Multum eggredior. venit.,741,15,29,33,106
907,10/10/2002,e Tam Sed non transit. Pro rarendum Et volcans Et,790,10,31,35,109
908,6/9/2012,"Sed transit. quo, fecit, rarendum si et fecundio,",451,32,18,20,111
909,4/26/2009,"et si estis non homo, et nomen quo, et venit. e ut",850,5,35,39,32
910,6/9/2007,manifestum e quo et dolorum travissimantor si,438,40,18,20,37
911,4/5/2016,novum quad gravis parte vobis pladior si et fecit.,312,15,12,13,114
912,8/17/2005,egreddior vobis quis apparens nomen quo et quoque,309,27,11,12,
913,10/25/2008,quad et e quartu vobis essit. ut fecit. si Et et,693,3,27,30,30
914,10/12/2016,"quo, non habitatio Pro Quad gravis plorum linguens",950,17,40,44,73
915,9/20/2016,sed bono et e apparens si quad quartu venit.,989,17,43,48,67
916,2/21/2009,si vantis. quad si manifestum in travissimantor e,491,36,19,21,46
917,10/29/2002,"fecit. Sed transit. in plorum eggredior. fecit,",703,30,28,32,90
918,3/26/2003,"regit, et dolorum linguens funem. estis linguens",641,33,24,27,79
919,11/10/2004,"linguens Longam, Versus quantare quad Pro quo,",671,16,27,30,107
920,4/4/2005,"quo, trepicandor Sed sed fecundio, fecit, Versus",315,31,13,15,87
921,3/11/2010,Quad essit. egreddior parte quartu gravum funem.,457,20,19,21,106
922,8/3/2009,quo quad in Pro manifestum linguens esset Et non,361,10,14,16,46
923,7/31/2006,travissimantor habitatio pars in linguens quad et,829,10,33,37,73
924,11/9/2011,quad Pro estis bono glavans quad quad Id Tam quis,362,11,14,16,75
925,10/25/2009,"Sed non novum non e cognitio, Id linguens funem.",80,34,3,4,88
926,11/21/2013,e novum vobis habitatio non glavans quad gravis,834,39,34,37,51
927,3/21/2007,"quo quis eudis Tam quoque fecundio, linguens",564,38,20,22,68
928,12/21/2015,delerium. Multum estum. quartu rarendum linguens,590,8,22,24,104
929,6/2/2007,"trepicandor quoque et cognitio, et si linguens",25,21,1,1,62
930,1/27/2003,nomen gravis manifestum gravis transit. essit. et,867,40,34,38,66
931,7/16/2013,"pars venit. plorum quartu estum. apparens quo,",112,28,4,5,50
932,8/11/2007,vobis et estis et novum quartu vantis. si vobis,794,17,31,35,31
933,8/7/2006,"fecundio, Versus linguens Tam quo volcans parte",79,30,3,3,
934,7/28/2008,quantare imaginator plurissimum si imaginator in,654,3,24,27,104
935,7/1/2011,si travissimantor eggredior. trepicandor novum,669,23,25,28,32
936,6/14/2005,"estum. vobis quartu Tam homo, quo in quo fecundio,",591,23,22,25,89
937,2/4/2003,"Multum eggredior. quis Longam, dolorum et in et",165,40,6,6,61
938,11/20/2011,essit. et e et volcans et pladior bono imaginator,173,33,6,6,88
939,7/25/2010,"linguens plorum eudis trepicandor quo, plurissimum",582,27,21,23,81
940,5/3/2003,"Id in linguens fecit, gravis homo, in linguens",139,32,4,4,54
941,4/19/2004,bono novum in plorum linguens trepicandor et,41,34,1,1,56
942,8/30/2009,in vobis manifestum parte estis manifestum venit.,250,1,8,9,36
943,7/2/2013,egreddior habitatio et egreddior et quad rarendum,567,29,19,21,61
944,11/29/2014,vobis in e Versus quartu travissimantor e e quo in,826,37,31,35,69
945,6/10/2011,pladior quoque Id essit. sed quoque Multum quoque,208,26,7,8,40
946,11/27/2011,"e in homo, Versus fecundio, non gravis quis regit,",300,35,10,11,40
947,2/11/2011,"regit, gravum Quad et et glavans in cognitio, si",841,32,31,34,103
948,4/11/2006,novum si quorum et novum vantis. vantis. rarendum,164,16,4,5,62
949,12/7/2004,linguens parte pladior nomen pladior gravum estum.,852,7,31,35,85
950,4/26/2000,"transit. quad brevens, egreddior volcans fecundio,",941,8,38,42,97
951,4/15/2001,"in Longam, in novum delerium. et pars plorum et",936,15,38,43,94
952,2/3/2010,"funem. Quad quo, Longam, gravis e esset fecit. Sed",825,23,32,36,106
953,11/21/2008,et volcans plurissimum estis funem. delerium.,507,15,19,21,119
954,9/18/2015,dolorum Quad vobis quad gravis pladior pars si,977,34,41,46,45
955,6/19/2010,novum trepicandor essit. linguens si trepicandor,76,4,2,2,55
956,10/14/2016,"Longam, in vobis eggredior. Id delerium. et",152,24,2,3,54
957,2/10/2011,"cognitio, dolorum eggredior. non estum. habitatio",869,11,34,38,79
958,4/30/2014,"egreddior Id nomen venit. gravis cognitio, e homo,",182,14,3,3,81
959,3/7/2002,"e non bono linguens travissimantor fecit, regit,",223,20,5,6,49
960,8/9/2012,"e nomen glavans quad quad regit, vobis linguens",375,2,11,13,64
961,10/12/2004,linguens glavans travissimantor pars vobis pladior,374,36,10,11,73
962,9/26/2003,"plorum apparens essit. Versus fecundio, et essit.",373,32,10,11,76
963,1/12/2005,manifestum si nomen plurissimum quad estum. funem.,607,32,18,20,31
964,4/3/2006,pars quorum bono pars habitatio rarendum sed non e,50,11,1,1,77
965,10/31/2010,Id bono pars quad et fecit. glavans e novum in,443,17,14,16,75
966,8/30/2008,volcans venit. delerium. e fecit. nomen novum,718,1,24,27,102
967,12/17/2015,"non quo, si nomen transit. dolorum non novum quo",351,15,9,10,
968,4/3/2000,non et vantis. linguens quad quo et Et manifestum,199,22,4,4,36
969,4/18/2005,"Et regit, Id ut quartu gravis plorum imaginator et",585,15,15,17,39
970,4/13/2011,"et Tam plorum e sed novum quo homo, pars fecundio,",699,27,21,23,118
971,1/21/2006,bono plurissimum fecit. vantis. e si ut estum.,575,13,14,15,104
972,11/15/2007,"nomen fecundio, et gravum in quo, quartu fecundio,",750,40,23,26,35
973,8/8/2009,"in plorum nomen quad Multum fecundio, quartu Sed",270,27,4,5,78
974,7/15/2001,"brevens, si quo quad quad eggredior. brevens, non",751,10,23,26,38
975,12/19/2000,"rarendum plorum quis et cognitio, non quorum",423,7,13,14,54
976,7/15/2000,"fecundio, quantare pars in et fecundio, quo,",417,35,11,12,80
977,1/8/2013,si in quorum et et Versus estum. egreddior venit.,973,4,39,43,81
978,8/7/2008,"linguens trepicandor venit. homo, bono parte quad",191,24,3,3,75
979,6/5/2000,,388,4,8,8,98
980,11/4/2014,"linguens egreddior Quad fecit. non homo, Multum",959,36,37,42,63
981,10/14/2002,Id eudis quad non habitatio et quis travissimantor,289,1,3,3,65
982,12/13/2000,et gravis gravis plorum in estis non venit.,688,21,16,17,105
983,1/18/2011,plurissimum funem. et et ut quad in quartu,917,9,34,38,109
984,2/9/2007,dolorum trepicandor in travissimantor eggredior.,411,29,7,8,
985,10/17/2001,e Versus manifestum et bono pladior quorum e,984,40,40,44,104
986,6/16/2003,non Id quorum delerium. travissimantor si Versus,704,34,15,17,36
987,8/26/2015,"cognitio, et eggredior. vobis funem. fecundio,",676,26,13,15,88
988,10/27/2007,Pro et plurissimum imaginator linguens manifestum,314,34,5,6,80
989,1/16/2015,egreddior quo et Quad novum et novum trepicandor,868,10,23,25,52
990,8/23/2011,"Longam, si manifestum funem. ut Multum quo",810,3,23,26,106
991,4/10/2011,"gravis linguens regit, vantis. novum Id quoque quo",888,3,32,36,78
992,9/12/2005,"si dolorum si et venit. quo, trepicandor Versus",108,3,4,4,98
993,9/19/2009,"quo, parte fecit, in ut venit. quartu fecit. nomen",625,30,1,1,39
994,11/21/2014,"egreddior fecit. rarendum homo, vobis Multum",749,16,10,11,101
995,6/27/2015,in bono quad funem. quo novum esset apparens Tam,995,9,37,41,68
996,7/29/2000,et gravum non quartu Multum quo nomen e apparens,884,14,35,39,47
997,8/22/2004,"glavans gravum plorum glavans fecit, eudis quo,",964,20,34,38,102
998,4/4/2007,nomen et rarendum in et quartu habitatio funem.,772,5,18,21,100
999,2/3/2004,"estum. pladior fecundio, rarendum travissimantor",655,5,18,20,34
1000,10/14/2002,parte linguens et linguens pladior nomen vantis.,875,33,26,29,104
