Location_Id,AddressLine,City,State,ZipCode,Country
1,81 White Nobel St.,Virginia Beach ,Vermont        ,47321,United Kingdom 
2,965 South Fabien Street,Fresno         ,Rhode Island   ,15247,Guatemala      
3,326 West Cowley Boulevard,Newark         ,Indiana        ,96822,Nigeria        
4,47 West Nobel Road,Seattle        ,Massachusetts  ,66979,Sudan          
5,974 West Second Road,Corpus Christi ,California     ,59261,Zimbabwe       
6,52 Rocky Nobel St.,Dayton         ,Rhode Island   ,67543,Luxembourg     
7,29 Green Fabien Boulevard,Akron          ,Florida        ,64800,Australia      
8,54 Rocky Second St.,Minneapolis    ,Washington     ,47982,Tuvalu         
9,28 White Oak Boulevard,Shreveport     ,Vermont        ,11559,Burundi        
10,931 New Avenue,Norfolk        ,Wyoming        ,42496,Puerto Rico    
11,627 West Nobel St.,Portland       ,Alaska         ,79434,Lithuania      
12,991 West Cowley Boulevard,Arlington      ,Rhode Island   ,60191,Grenada        
13,692 Cowley Street,Cincinnati     ,Delaware       ,84807,Macao          
14,835 Hague Road,Rochester      ,Georgia        ,73529,Denmark        
15,11 Green Cowley St.,Montgomery     ,,33862,Vatican City   
16,71 Old Street,Greensboro     ,New Hampshire  ,21864,Rwanda         
17,62 West Milton Parkway,Norfolk        ,Montana        ,52153,Thailand       
18,59 Green Milton Boulevard,Garland        ,Arizona        ,23298,Samoa          
19,344 Nobel Way,Corpus Christi ,Nebraska       ,73566,Qatar          
20,80 North First Street,Newark         ,North Dakota   ,40528,Portugal       
21,81 South New Blvd.,Stockton       ,West Virginia  ,10191,Bulgaria       
22,87 Cowley St.,Lincoln        ,Utah           ,37176,Malta          
23,395 Rocky Clarendon St.,New York       ,Arizona        ,40632,Lithuania      
24,411 Rocky Clarendon Avenue,Richmond       ,Florida        ,51579,Slovenia       
25,,Grand Rapids   ,Colorado       ,12548,Brazil         
26,523 East Milton Drive,Norfolk        ,Washington     ,92120,Martinique     
27,406 Second Blvd.,Philadelphia   ,Indiana        ,78906,Namibia        
28,57 East Second St.,Washington     ,Virginia       ,48709,Aruba          
29,14 Hague Parkway,Atlanta        ,South Dakota   ,92336,Cook Islands   
30,254 Green Old Street,Denver         ,New York       ,88568,Norway         
31,262 South Rocky Nobel Way,St. Louis      ,Arkansas       ,17372,Jordan         
32,78 East Old Drive,Arlington      ,Oklahoma       ,56925,Senegal        
33,650 First Drive,Norfolk        ,Illinois       ,48702,South Korea    
34,35 First Street,Tulsa          ,Alaska         ,53589,Lithuania      
35,243 Nobel Parkway,,Minnesota      ,26868,Malaysia       
36,284 Milton Street,Omaha          ,Tennessee      ,18616,Burkina Faso   
37,82 Hague Blvd.,New York       ,Arizona        ,88333,Panama         
38,82 Clarendon Avenue,Seattle        ,Arizona        ,55871,Cook Islands   
39,53 Hague Blvd.,Jacksonville   ,Tennessee      ,10868,Comoros        
40,32 Green Old St.,Rochester      ,Tennessee      ,96629,Malawi         
41,95 Rocky Second Blvd.,Grand Rapids   ,Maryland       ,91273,North Korea    
42,79 Second St.,Virginia Beach ,Connecticut    ,31147,Luxembourg     
43,193 Oak Drive,Jersey         ,West Virginia  ,16116,Netherlands    
44,826 West Nobel Way,Columbus       ,Missouri       ,46487,Macao          
45,187 Nobel Way,Memphis        ,Iowa           ,82188,Greece         
46,417 Oak Freeway,Raleigh        ,Indiana        ,86101,Portugal       
47,862 White Fabien Way,Phoenix        ,Wisconsin      ,95604,French Guiana  
48,92 Clarendon St.,Austin         ,New Mexico     ,98246,Zimbabwe       
49,56 First Drive,Little Rock    ,Wisconsin      ,96358,Australia      
50,42 North Clarendon Road,Richmond       ,Utah           ,55520,Netherlands    
51,639 First St.,New Orleans    ,Maine          ,56725,Nepal          
52,73 Rocky Old Parkway,Oklahoma       ,Massachusetts  ,29029,Nigeria        
53,27 Milton Street,Kansas         ,Rhode Island   ,75129,Jordan         
54,57 West Green Hague Blvd.,Austin         ,Wyoming        ,17453,France         
55,463 Rocky Milton Avenue,Jersey         ,Utah           ,44448,Moldova        
56,47 White Milton Road,Fort Wayne     ,Georgia        ,20145,Hungary        
57,178 White Hague Road,Tampa          ,Tennessee      ,74615,Sri Lanka      
58,37 First Way,Miami          ,New Jersey     ,55243,Suriname       
59,582 Clarendon Avenue,Des Moines     ,Delaware       ,64430,Poland         
60,85 Rocky Old Boulevard,Virginia Beach ,Missouri       ,67141,Jersey         
61,270 Green Milton Street,Los Angeles    ,Tennessee      ,88636,Tanzania       
62,582 Nobel Boulevard,Yonkers        ,Texas          ,26090,Albania        
63,282 Milton Parkway,Santa Ana      ,Louisiana      ,55645,Puerto Rico    
64,833 White Second Boulevard,,Iowa           ,22991,Kiribati       
65,64 Rocky Clarendon Boulevard,San Diego      ,Tennessee      ,35123,Fiji           
66,95 Rocky Hague Road,Buffalo        ,Indiana        ,32508,Portugal       
67,86 Milton Street,Fort Worth     ,Rhode Island   ,21489,Lithuania      
68,69 Hague Avenue,Portland       ,Pennsylvania   ,41217,Albania        
69,76 Oak Freeway,Virginia Beach ,Ohio           ,56661,Palau          
70,405 Green Oak Freeway,Chicago        ,Louisiana      ,25245,South Georgia  
71,37 Rocky Cowley Drive,Memphis        ,Montana        ,33530,Australia      
72,67 Nobel Parkway,Hialeah        ,Mississippi    ,96281,Panama         
73,99 Hague Blvd.,Rochester      ,Hawaii         ,22430,Moldova        
74,84 Second Freeway,Omaha          ,Ohio           ,76937,Côte d'Ivoire  
75,50 Old Parkway,New Orleans    ,Iowa           ,49254,Australia      
76,938 Milton Way,Madison        ,South Dakota   ,79044,Namibia        
77,59 Nobel Avenue,Boston         ,Virginia       ,31060,Tonga          
78,99 East First St.,San Diego      ,New Hampshire  ,94145,Zambia         
79,55 West Green Hague Freeway,Greensboro     ,Utah           ,69390,Lebanon        
80,75 East Nobel Freeway,Madison        ,Tennessee      ,26447,India          
81,46 South New Blvd.,Los Angeles    ,Wisconsin      ,96516,Estonia        
82,115 White Hague Blvd.,Raleigh        ,North Carolina ,80660,Nauru          
83,460 New St.,Charlotte      ,West Virginia  ,52351,Zambia         
84,69 Second Drive,San Antonio    ,West Virginia  ,46815,Malvinas       
85,68 Second Boulevard,Minneapolis    ,Indiana        ,41842,Argentina      
86,,Baltimore      ,North Dakota   ,88342,Serbia         
87,87 Oak Parkway,Fremont        ,West Virginia  ,81796,Greenland      
88,634 Green Hague Blvd.,Houston        ,Indiana        ,41249,Malta          
89,84 Rocky Fabien St.,Aurora         ,Delaware       ,19141,Tuvalu         
90,226 Clarendon Freeway,Little Rock    ,Indiana        ,16723,Cambodia       
91,56 First Avenue,Cincinnati     ,Alabama        ,44000,Gabon          
92,436 New Way,Spokane        ,Minnesota      ,43090,Sudan          
93,93 Cowley Drive,Mesa           ,Vermont        ,91441,Kyrgyzstan     
94,89 First Street,Sacramento     ,Kentucky       ,43727,Qatar          
95,889 Clarendon Street,Shreveport     ,Alabama        ,17992,New Caledonia  
96,535 East Fabien Drive,Corpus Christi ,Nebraska       ,75183,Nigeria        
97,261 West Rocky Old Boulevard,Fort Wayne     ,South Carolina ,75502,Saudi Arabia   
98,61 Old St.,Yonkers        ,North Dakota   ,93124,Colombia       
99,984 Milton Blvd.,Norfolk        ,North Dakota   ,21363,Ecuador        
100,23 White Hague Road,Sacramento     ,Alabama        ,59679,Montserrat     
101,52 West Milton Way,Garland        ,Missouri       ,74611,Czech Republic 
102,39 White Oak Parkway,Honolulu       ,Hawaii         ,64386,Finland        
103,89 White First Drive,Akron          ,Washington     ,51584,Georgia        
104,80 South White Clarendon St.,Nashville      ,New Mexico     ,81112,Djibouti       
105,84 Hague Freeway,Shreveport     ,Louisiana      ,31990,Micronesia     
106,403 South First St.,Garland        ,Virginia       ,60444,United Kingdom 
107,956 Rocky Second St.,St. Paul       ,Georgia        ,16599,Bahrain        
108,29 Hague Street,Des Moines     ,Arkansas       ,98192,Egypt          
109,937 Nobel St.,Detroit        ,Oklahoma       ,68198,Djibouti       
110,61 Fabien St.,Honolulu       ,Arkansas       ,65403,Vanuatu        
111,955 East Green Milton Parkway,Fresno         ,Indiana        ,89084,Lebanon        
112,391 Old Road,Columbus       ,Indiana        ,80470,Suriname       
113,92 Milton Street,Rochester      ,,85852,Guyana         
114,17 Second Road,Corpus Christi ,Oklahoma       ,47982,Ghana          
115,969 North White Cowley Way,Mobile         ,Kansas         ,70625,Colombia       
116,11 New Street,Norfolk        ,Nebraska       ,17975,Eritrea        
117,477 Hague Boulevard,St. Petersburg ,Florida        ,73739,American Samoa 
118,623 West Hague Freeway,Raleigh        ,Virginia       ,18829,Colombia       
119,41 North Nobel Avenue,San Antonio    ,Massachusetts  ,81149,Isle of Man    
120,77 Green Old Freeway,Spokane        ,Alabama        ,46781,Lesotho        
121,209 White Old Boulevard,Mesa           ,Florida        ,50712,Hungary        
122,74 Clarendon Way,Nashville      ,Kentucky       ,80239,Vanuatu        
123,838 Clarendon Way,St. Paul       ,Montana        ,32075,Barbados       
124,733 Green New Blvd.,Minneapolis    ,New Mexico     ,49937,Mali           
125,19 West Green Milton St.,Newark         ,Massachusetts  ,81245,Malawi         
126,50 Rocky Second Avenue,Nashville      ,Louisiana      ,90440,Cuba           
127,95 First Drive,Kansas         ,Arizona        ,14840,Denmark        
128,344 Cowley Way,Denver         ,New Hampshire  ,78702,Sudan          
129,81 Clarendon Drive,Akron          ,Vermont        ,68945,Mauritania     
130,64 White Cowley Boulevard,Louisville     ,North Dakota   ,74071,Hungary        
131,606 Rocky New Parkway,Yonkers        ,Pennsylvania   ,13542,Sri Lanka      
132,912 Milton Drive,Charlotte      ,Alaska         ,37935,Puerto Rico    
133,12 White Clarendon Freeway,Tulsa          ,Idaho          ,82782,Russia         
134,48 South Hague Drive,Fresno         ,Vermont        ,19711,Taiwan         
135,134 Nobel St.,Columbus       ,Utah           ,51835,Comoros        
136,322 West New St.,St. Paul       ,Kentucky       ,42129,Western Sahara 
137,82 Cowley Road,Houston        ,Pennsylvania   ,39075,Gibraltar      
138,26 New Drive,San Jose       ,Oregon         ,71238,Saint Helena   
139,282 North Nobel Avenue,Long Beach     ,Kentucky       ,24825,Vietnam        
140,70 First Street,Wichita        ,New Jersey     ,81398,Benin          
141,84 New Way,Colorado       ,Louisiana      ,81742,Pitcairn       
142,34 Milton Drive,Milwaukee      ,Missouri       ,83604,Barbados       
143,955 Green First Blvd.,Bakersfield    ,Vermont        ,73050,Germany        
144,96 South First Freeway,Fort Worth     ,Nevada         ,53737,Vatican City   
145,21 New Road,Fresno         ,California     ,27638,Nigeria        
146,439 East Old Avenue,Santa Ana      ,Alabama        ,63530,Jersey         
147,695 First St.,Denver         ,Oregon         ,57237,Latvia         
148,44 Oak Drive,Dayton         ,Pennsylvania   ,53458,Cameroon       
149,42 Rocky Clarendon Drive,Norfolk        ,New Hampshire  ,73102,Mauritania     
150,90 Green New Avenue,Jacksonville   ,South Dakota   ,10016,Hong Kong      
151,69 North Nobel Blvd.,Fort Wayne     ,Texas          ,11443,New Zealand    
152,29 West Old St.,Cleveland      ,New Mexico     ,66672,Montenegro     
153,62 Green Cowley Drive,Raleigh        ,Maryland       ,21974,Saint Helena   
154,75 Old Way,Riverside      ,North Carolina ,74581,
155,163 New Road,Greensboro     ,Montana        ,18967,Russia         
156,89 Oak St.,Corpus Christi ,Ohio           ,94371,Cyprus         
157,84 Oak Drive,Montgomery     ,Wyoming        ,42310,Eritrea        
158,161 Second Way,Oklahoma       ,New Mexico     ,11646,Côte d'Ivoire  
159,588 North Rocky Second Boulevard,Jersey         ,Montana        ,99867,Saint Lucia    
160,80 West Milton Blvd.,Santa Ana      ,Indiana        ,41550,Paraguay       
161,874 Rocky New Blvd.,Louisville     ,Iowa           ,55603,Guyana         
162,475 White Cowley Street,Kansas         ,Kentucky       ,37897,Philippines    
163,90 Green Nobel Way,San Antonio    ,Kansas         ,39247,Denmark        
164,396 Milton Street,Fresno         ,Maryland       ,94127,Pakistan       
165,31 South Hague Road,Anaheim        ,Wisconsin      ,61861,Spain          
166,67 Fabien Freeway,Indianapolis   ,Alaska         ,61149,Bolivia        
167,78 West Cowley Street,Toledo         ,Alaska         ,97688,Rwanda         
168,74 Fabien Parkway,Boston         ,Maryland       ,76141,Belize         
169,47 South Rocky Cowley Way,Aurora         ,Texas          ,96146,Liberia        
170,491 Second Way,El Paso        ,Wisconsin      ,38495,Burkina Faso   
171,729 White First Way,Louisville     ,Rhode Island   ,78900,Costa Rica     
172,880 Old Parkway,Tampa          ,Michigan       ,12500,Ukraine        
173,71 West Milton Freeway,Minneapolis    ,New Jersey     ,94004,El Salvador    
174,55 Cowley Way,St. Paul       ,South Dakota   ,99751,Croatia        
175,91 Cowley Parkway,Albuquerque    ,North Carolina ,65038,Germany        
176,858 Green Second Way,Atlanta        ,North Dakota   ,67108,San Marino     
177,55 North Second Boulevard,Fort Worth     ,Minnesota      ,17189,Gambia         
178,627 Second Blvd.,Portland       ,Wisconsin      ,78338,New Zealand    
179,76 Hague Avenue,Tacoma         ,Montana        ,32299,Bolivia        
180,899 Cowley St.,Philadelphia   ,Massachusetts  ,27714,Taiwan         
181,394 Green New Drive,Fort Wayne     ,New Mexico     ,43202,Barbados       
182,165 Milton Blvd.,Minneapolis    ,Kansas         ,61381,Qatar          
183,84 White Fabien St.,Las Vegas      ,Alabama        ,15600,Bahrain        
184,487 Cowley Road,Newark         ,Arkansas       ,68928,France         
185,30 Oak St.,Birmingham     ,Tennessee      ,72627,Colombia       
186,489 White Milton Freeway,Birmingham     ,Connecticut    ,46869,Romania        
187,90 Green Cowley Blvd.,Anaheim        ,North Carolina ,25960,Ecuador        
188,106 New Avenue,Raleigh        ,New Hampshire  ,18200,Vietnam        
189,10 West First Road,Louisville     ,Maryland       ,10743,Afghanistan    
190,91 Green Clarendon Parkway,Austin         ,Georgia        ,57464,Niger          
191,374 West Rocky Clarendon Boulevard,Akron          ,Louisiana      ,99818,Turkey         
192,44 Old Parkway,Stockton       ,Connecticut    ,37428,Senegal        
193,24 Milton Boulevard,Minneapolis    ,Hawaii         ,71371,Mauritania     
194,901 Green New Drive,Des Moines     ,Arizona        ,83275,Austria        
195,555 Clarendon Road,Columbus       ,Kansas         ,35794,Montserrat     
196,54 South Nobel Avenue,New Orleans    ,Alaska         ,53845,Iceland        
197,45 Hague Blvd.,Dallas         ,Florida        ,54356,Lesotho        
198,41 Nobel St.,Omaha          ,Missouri       ,78923,India          
199,98 Milton St.,Jersey         ,New Jersey     ,91876,Latvia         
200,140 Green Hague Street,St. Louis      ,Arizona        ,66489,Sudan          
201,878 Clarendon Blvd.,Houston        ,Wisconsin      ,65842,Trinidad       
202,69 White Fabien Blvd.,San Diego      ,Louisiana      ,81096,Guadeloupe     
203,46 West Cowley Street,Milwaukee      ,Vermont        ,57312,Western Sahara 
204,390 Green First Avenue,Pittsburgh     ,New Jersey     ,44606,Algeria        
205,41 West White New Street,Tampa          ,Arizona        ,31116,Guinea         
206,932 Nobel Street,Tulsa          ,Massachusetts  ,98942,Jordan         
207,50 Second Blvd.,Lincoln        ,Alaska         ,72668,Iceland        
208,87 Hague Drive,Memphis        ,New Jersey     ,22223,Iceland        
209,64 White First Avenue,Portland       ,Wyoming        ,19542,Jersey         
210,80 South White Clarendon St.,Santa Ana      ,Tennessee      ,51859,Vietnam        
211,71 South Green New Freeway,Virginia Beach ,Idaho          ,87182,Tunisia        
212,94 Second Avenue,Newark         ,Alabama        ,63972,Mozambique     
213,95 West Fabien Drive,St. Louis      ,,79347,Bangladesh     
214,96 Old Freeway,Las Vegas      ,Colorado       ,82152,Tanzania       
215,104 Nobel Parkway,Colorado       ,Colorado       ,98347,Myanmar        
216,,Milwaukee      ,North Carolina ,94221,Nepal          
217,944 West Nobel Street,Jersey         ,Wyoming        ,32296,Nepal          
218,729 Rocky Oak Way,Mesa           ,Kentucky       ,70318,Ukraine        
219,35 Fabien Parkway,Lubbock        ,Idaho          ,31499,Luxembourg     
220,698 White Oak St.,Arlington      ,Nevada         ,24991,Belgium        
221,726 East First Way,Santa Ana      ,Tennessee      ,45188,Taiwan         
222,198 Rocky Old Drive,Raleigh        ,Maryland       ,89487,Saudi Arabia   
223,672 South White Oak Blvd.,Birmingham     ,Minnesota      ,75397,Belize         
224,88 White New Freeway,Cincinnati     ,Alabama        ,48682,Spain          
225,943 Rocky New Street,Buffalo        ,North Dakota   ,38676,Czech Republic 
226,384 Green Oak Street,Hialeah        ,New Mexico     ,51471,Iraq           
227,212 Nobel Way,Indianapolis   ,North Carolina ,41129,Haiti          
228,698 South Milton Boulevard,Norfolk        ,Idaho          ,20728,Cook Islands   
229,32 Rocky Nobel Street,Corpus Christi ,Nevada         ,73956,Montserrat     
230,48 North Rocky Clarendon Freeway,Jacksonville   ,Missouri       ,21193,Turkey         
231,497 Rocky Milton Parkway,Oklahoma       ,New York       ,22751,France         
232,190 Milton Blvd.,Des Moines     ,Montana        ,38265,Togo           
233,92 White Cowley Road,Arlington      ,Wisconsin      ,86462,Chile          
234,989 Rocky Nobel Blvd.,Birmingham     ,Maryland       ,65810,Ethiopia       
235,63 Second Parkway,New York       ,Minnesota      ,61872,Venezuela      
236,35 White Cowley Way,Columbus       ,Michigan       ,62105,Réunion        
237,424 New Parkway,Nashville      ,Indiana        ,14069,Rwanda         
238,24 Old Parkway,Cleveland      ,Massachusetts  ,70993,Azerbaijan     
239,409 Clarendon Boulevard,New York       ,Massachusetts  ,47812,Uganda         
240,24 Oak Freeway,Memphis        ,Alaska         ,73684,Puerto Rico    
241,63 Old Freeway,Des Moines     ,Michigan       ,74201,Guam           
242,44 West Green Hague Parkway,Minneapolis    ,Colorado       ,13737,Sudan          
243,70 Nobel Boulevard,Honolulu       ,Arkansas       ,98657,Madagascar     
244,43 Second St.,Detroit        ,New Hampshire  ,58884,Angola         
245,948 West New Parkway,Garland        ,Nevada         ,70281,Romania        
246,666 Old Road,San Francisco  ,West Virginia  ,45846,Georgia        
247,85 Rocky Oak Freeway,Oakland        ,Louisiana      ,58081,Paraguay       
248,817 South Hague Parkway,Mobile         ,Alaska         ,89218,North Korea    
249,844 Rocky Second Blvd.,Denver         ,California     ,84927,Japan          
250,775 South White Fabien St.,,Maryland       ,41572,Venezuela      
251,35 Fabien Way,Richmond       ,Kansas         ,31548,Saint Helena   
252,86 Milton Drive,Tampa          ,Ohio           ,84038,Malvinas       
253,551 White Second Street,Mesa           ,West Virginia  ,57423,Thailand       
254,806 Fabien Boulevard,Arlington      ,Washington     ,76884,Honduras       
255,46 Clarendon Blvd.,Riverside      ,Pennsylvania   ,31300,Venezuela      
256,46 New Street,Madison        ,North Dakota   ,76354,Brazil         
257,269 South Fabien Street,Oklahoma       ,Montana        ,15699,Egypt          
258,69 East Milton Road,Honolulu       ,Louisiana      ,18629,Cambodia       
259,336 Rocky Clarendon Freeway,Aurora         ,Idaho          ,15929,Seychelles     
260,92 First Blvd.,Dayton         ,Wisconsin      ,79645,Uruguay        
261,786 Cowley Boulevard,Anchorage      ,Maryland       ,67813,Bahamas        
262,45 Nobel Street,Portland       ,Georgia        ,61939,Côte d'Ivoire  
263,499 Rocky Nobel Boulevard,Memphis        ,Mississippi    ,48266,Serbia         
264,970 North Oak Way,Santa Ana      ,California     ,98349,Macedonia      
265,26 South Clarendon Way,Jacksonville   ,Maine          ,39107,Pakistan       
266,16 Green Fabien Street,Cleveland      ,Kentucky       ,58916,Algeria        
267,27 Milton Parkway,St. Paul       ,Indiana        ,77510,Jersey         
268,10 Green Second Blvd.,Tacoma         ,New York       ,23537,Slovenia       
269,47 East Green First Parkway,Stockton       ,North Carolina ,30280,Turkey         
270,62 South Old Blvd.,Norfolk        ,Ohio           ,46241,Taiwan         
271,38 Old Freeway,Arlington      ,Maryland       ,90152,Tajikistan     
272,738 Fabien Parkway,Columbus       ,New Hampshire  ,61302,Mayotte        
273,14 Green Clarendon Blvd.,Honolulu       ,Washington     ,32506,Albania        
274,13 First Road,Santa Ana      ,Hawaii         ,57815,Saudi Arabia   
275,850 Hague Boulevard,Anchorage      ,Connecticut    ,50790,Romania        
276,73 Second St.,Washington     ,Oklahoma       ,41451,Anguilla       
277,364 North White Oak Avenue,San Antonio    ,Kansas         ,90829,Eire           
278,373 Rocky Nobel Way,Portland       ,Utah           ,26512,Bahrain        
279,314 Second Boulevard,Colorado       ,Minnesota      ,78401,Belarus        
280,437 Old Way,Colorado       ,Oregon         ,92830,Trinidad       
281,683 Green Second Avenue,Virginia Beach ,Indiana        ,93389,Philippines    
282,61 South Rocky Second Parkway,Cincinnati     ,New Mexico     ,51911,Peru           
283,462 East Rocky Old Road,Tucson         ,Connecticut    ,35801,Russia         
284,620 First Drive,Virginia Beach ,Delaware       ,42384,Nepal          
285,597 Rocky New St.,Dayton         ,Florida        ,89644,Cape Verde     
286,27 Old Street,Anaheim        ,West Virginia  ,38712,Qatar          
287,49 Green Oak Freeway,Richmond       ,Nevada         ,80841,Algeria        
288,76 Nobel Parkway,,Alaska         ,19577,Serbia         
289,170 Rocky Oak Street,Memphis        ,New York       ,44510,
290,769 North Green Second Avenue,Spokane        ,South Carolina ,85517,Gabon          
291,99 North Fabien Boulevard,Jackson        ,Virginia       ,56406,Spain          
292,948 West Nobel Parkway,Aurora         ,Washington     ,95439,Liberia        
293,86 East Green First Boulevard,Fresno         ,Georgia        ,65064,Montserrat     
294,24 White Hague Drive,Santa Ana      ,Michigan       ,68166,Falklands      
295,22 Rocky Clarendon Road,Tucson         ,New York       ,15871,Western Sahara 
296,70 Second Parkway,Portland       ,Illinois       ,22262,Niger          
297,955 Green Oak Avenue,Lubbock        ,New York       ,65470,Cambodia       
298,208 East Oak St.,Arlington      ,Wyoming        ,10307,Australia      
299,58 South Rocky Fabien St.,Garland        ,Hawaii         ,29777,Albania        
300,821 North Nobel Street,Oklahoma       ,Idaho          ,21364,Guadeloupe     
301,101 Clarendon Freeway,Grand Rapids   ,North Dakota   ,68335,Puerto Rico    
302,24 East Milton Road,Tucson         ,Oklahoma       ,44544,Sweden         
303,668 West Green Second St.,Boston         ,Maryland       ,68937,Thailand       
304,383 White Old St.,Corpus Christi ,Massachusetts  ,48685,Rwanda         
305,71 New Freeway,Milwaukee      ,Alabama        ,51420,Mauritius      
306,55 South Rocky Clarendon Parkway,Las Vegas      ,Pennsylvania   ,70245,Belarus        
307,17 First Parkway,Yonkers        ,Rhode Island   ,61531,Congo          
308,887 Green Oak Parkway,San Jose       ,Oregon         ,99608,Malta          
309,433 South Green Milton Drive,New York       ,South Carolina ,36094,Bermuda        
310,77 North Oak Avenue,Columbus       ,Alaska         ,89848,Nepal          
311,80 Cowley Parkway,Buffalo        ,Louisiana      ,85524,United Kingdom 
312,547 White New Parkway,Aurora         ,New York       ,89186,Tajikistan     
313,979 West Rocky Old Way,Arlington      ,Vermont        ,40228,China          
314,540 West Green Milton Road,Garland        ,Montana        ,23098,Australia      
315,65 Oak Avenue,Memphis        ,Oklahoma       ,86255,Tajikistan     
316,59 Old Parkway,Santa Ana      ,South Carolina ,25901,Dominica       
317,27 East Fabien Drive,Nashville      ,Arizona        ,36138,Guinea-Bissau  
318,90 Green Nobel St.,Bakersfield    ,Kentucky       ,15882,Jordan         
319,754 Nobel Avenue,Lincoln        ,Virginia       ,18705,Canada         
320,74 Rocky Old Way,Norfolk        ,Michigan       ,10394,Guinea         
321,45 East Green Hague Avenue,Tampa          ,Rhode Island   ,78075,Uruguay        
322,108 Second Parkway,Fresno         ,Illinois       ,67932,Afghanistan    
323,360 Rocky First Road,Oakland        ,Alabama        ,79027,Nicaragua      
324,498 North Hague St.,Los Angeles    ,Texas          ,44762,Luxembourg     
325,78 Rocky Nobel Boulevard,Bakersfield    ,Rhode Island   ,89835,Bangladesh     
326,105 White Clarendon St.,Glendale       ,Minnesota      ,94712,Honduras       
327,491 South White Hague Street,San Francisco  ,Maryland       ,96238,Falklands      
328,786 South Oak St.,Oakland        ,Montana        ,64339,Gabon          
329,68 East New Drive,Baltimore      ,New Jersey     ,51943,Angola         
330,22 Green Oak Boulevard,Cleveland      ,Vermont        ,38527,Botswana       
331,22 Green Milton Blvd.,Madison        ,California     ,75981,Montenegro     
332,39 Hague Boulevard,Newark         ,Kentucky       ,90522,Vietnam        
333,43 Fabien Blvd.,Boston         ,North Dakota   ,96735,Egypt          
334,52 Hague Blvd.,New York       ,Idaho          ,67036,Puerto Rico    
335,842 Clarendon Drive,Akron          ,Arizona        ,34494,Guernsey       
336,95 Rocky Hague Boulevard,El Paso        ,New Hampshire  ,58845,Armenia        
337,155 Milton Street,Milwaukee      ,Hawaii         ,82973,South Africa   
338,829 Green Nobel St.,Des Moines     ,Oklahoma       ,87115,Uruguay        
339,57 Milton St.,Milwaukee      ,Connecticut    ,90963,Congo          
340,936 Green Milton Avenue,Baton Rouge    ,Michigan       ,29398,Malta          
341,86 South Oak Way,San Diego      ,Florida        ,77181,Vietnam        
342,31 White Milton Freeway,Omaha          ,Tennessee      ,81232,Cook Islands   
343,99 Rocky Nobel Freeway,Raleigh        ,Idaho          ,83483,Tonga          
344,480 Green Fabien Freeway,Denver         ,New Jersey     ,54661,Canada         
345,258 Rocky Hague Way,Tulsa          ,Michigan       ,99992,Guinea         
346,90 New Road,Detroit        ,Indiana        ,67220,Vanuatu        
347,272 White Milton Road,Baton Rouge    ,Alaska         ,65210,Gibraltar      
348,78 Second Street,St. Paul       ,North Dakota   ,51965,Malvinas       
349,62 Second Avenue,Charlotte      ,Oregon         ,81911,Hungary        
350,396 Old Road,Lincoln        ,Tennessee      ,89970,Romania        
351,62 Green Hague Way,San Diego      ,Georgia        ,86123,French Guiana  
352,87 South Green Hague Way,Garland        ,Kansas         ,59588,Panama         
353,486 Rocky Clarendon Parkway,Lincoln        ,Arkansas       ,91602,Togo           
354,878 Rocky Milton Drive,Austin         ,South Carolina ,29382,New Zealand    
355,21 White Second Boulevard,Stockton       ,Minnesota      ,43289,Hungary        
356,52 Rocky Fabien Way,Atlanta        ,Michigan       ,10403,Puerto Rico    
357,732 Oak Avenue,Spokane        ,Oklahoma       ,65517,Cuba           
358,15 East Rocky Old Avenue,Washington     ,Nebraska       ,34174,Haiti          
359,37 Oak Way,Riverside      ,New York       ,58850,North Korea    
360,59 Green New Avenue,Denver         ,New Hampshire  ,56707,Comoros        
361,874 Green Clarendon Drive,Buffalo        ,Louisiana      ,74007,Slovenia       
362,274 Green Nobel Parkway,Honolulu       ,Indiana        ,97191,Thailand       
363,20 South Green Fabien Blvd.,Arlington      ,Delaware       ,57665,Macao          
364,41 Fabien Road,Jackson        ,Virginia       ,97566,Yemen          
365,73 White New Road,San Antonio    ,West Virginia  ,23867,Anguilla       
366,76 Cowley Blvd.,Spokane        ,Alaska         ,95002,Venezuela      
367,459 Rocky Clarendon Boulevard,Santa Ana      ,Wisconsin      ,92451,Nepal          
368,257 Hague Blvd.,Fort Wayne     ,North Dakota   ,73192,Japan          
369,38 Green Fabien Boulevard,Boston         ,Minnesota      ,88603,Panama         
370,981 Rocky Fabien Parkway,Little Rock    ,Connecticut    ,37409,South Korea    
371,650 Rocky New Avenue,Charlotte      ,New Hampshire  ,42927,Iran           
372,78 South Cowley Parkway,Honolulu       ,Kentucky       ,49022,Iraq           
373,957 Old Boulevard,Des Moines     ,Georgia        ,24918,Eritrea        
374,93 Green Hague St.,Dallas         ,Mississippi    ,89306,Mozambique     
375,35 North Hague Drive,St. Paul       ,Illinois       ,33213,Hong Kong      
376,95 Old Boulevard,Dallas         ,West Virginia  ,96842,Rwanda         
377,28 Rocky Oak Freeway,Baton Rouge    ,Alabama        ,84448,Belize         
378,95 Clarendon Street,Indianapolis   ,Massachusetts  ,34365,Libya          
379,79 Green First Parkway,St. Paul       ,Michigan       ,44770,Cambodia       
380,32 Rocky Hague Freeway,,Montana        ,32614,Botswana       
381,90 Milton Freeway,Dayton         ,Massachusetts  ,39502,
382,586 Oak Blvd.,,Oklahoma       ,54272,Austria        
383,425 White Clarendon Boulevard,Memphis        ,Rhode Island   ,82428,Portugal       
384,933 Milton Road,Newark         ,Pennsylvania   ,61973,Tonga          
385,11 North Clarendon Road,Houston        ,Oklahoma       ,52403,Fiji           
386,862 East Milton St.,Kansas         ,Rhode Island   ,26392,South Korea    
387,829 New Parkway,Memphis        ,Illinois       ,98919,Togo           
388,429 Cowley Freeway,Glendale       ,Utah           ,77352,Bahrain        
389,88 Clarendon Avenue,Raleigh        ,Rhode Island   ,33747,Montenegro     
390,56 South Hague Blvd.,Columbus       ,New York       ,34091,Grenada        
391,51 West Fabien Drive,Austin         ,Utah           ,93328,Nauru          
392,63 Cowley Boulevard,Charlotte      ,Ohio           ,58798,Spain          
393,37 Green New Avenue,Oklahoma       ,California     ,38264,Jordan         
394,394 West New Avenue,Fort Wayne     ,New Hampshire  ,44256,Falklands      
395,86 Clarendon Way,Baltimore      ,Arkansas       ,55390,Albania        
396,17 Hague Parkway,Glendale       ,Vermont        ,79989,Puerto Rico    
397,130 White Old Avenue,Cleveland      ,North Dakota   ,33567,Barbados       
398,986 White Cowley Drive,Birmingham     ,Kentucky       ,85917,North Korea    
399,42 Milton Road,Omaha          ,New York       ,40793,Tunisia        
400,212 Oak Parkway,Fremont        ,Massachusetts  ,14989,Botswana       
401,81 Green Hague Way,Milwaukee      ,Iowa           ,74768,Iceland        
402,465 Milton Boulevard,Toledo         ,Maine          ,92018,Gibraltar      
403,480 White Nobel Boulevard,Colorado       ,Idaho          ,63361,Tajikistan     
404,10 West Second Blvd.,Stockton       ,New Jersey     ,54502,Suriname       
405,25 Second Parkway,Albuquerque    ,Indiana        ,57042,Mauritania     
406,35 Oak Boulevard,Pittsburgh     ,Texas          ,47101,Grenada        
407,921 Second Avenue,Cincinnati     ,Colorado       ,44669,Taiwan         
408,787 Old Street,Arlington      ,New Mexico     ,12295,Japan          
409,116 Green Fabien Freeway,San Jose       ,Nebraska       ,96168,Finland        
410,33 First Street,Baton Rouge    ,Montana        ,46446,Eritrea        
411,47 East Second Blvd.,Riverside      ,Massachusetts  ,25954,Netherlands    
412,66 New Way,Rochester      ,Iowa           ,41151,Nepal          
413,91 Rocky First St.,Las Vegas      ,California     ,89404,Philippines    
414,86 White New Boulevard,Des Moines     ,Connecticut    ,36235,Denmark        
415,98 White Clarendon Blvd.,Birmingham     ,Delaware       ,27205,Malvinas       
416,12 East Nobel Road,Mobile         ,North Carolina ,29734,Bolivia        
417,402 Second St.,Dallas         ,Missouri       ,24763,Belarus        
418,910 Nobel Road,Tacoma         ,Maryland       ,95691,Western Sahara 
419,25 West Old Drive,Pittsburgh     ,Hawaii         ,55162,Dominica       
420,450 Oak St.,,Florida        ,97474,Canada         
421,74 Fabien Drive,Riverside      ,Rhode Island   ,96082,Brazil         
422,816 Milton St.,Birmingham     ,Colorado       ,25098,Timor-Leste    
423,83 Rocky Cowley Way,Memphis        ,Virginia       ,49444,Antarctica     
424,87 Green New Avenue,Memphis        ,South Dakota   ,64512,Benin          
425,556 Cowley Street,Anaheim        ,Indiana        ,44080,Bahamas        
426,154 New Way,Aurora         ,Vermont        ,84129,Zambia         
427,912 South Milton Blvd.,Yonkers        ,Illinois       ,20758,Vatican City   
428,97 Green Milton St.,Rochester      ,New Mexico     ,,Burundi        
429,19 Oak St.,Atlanta        ,Maryland       ,80662,Eire           
430,71 White Second Parkway,Tucson         ,Louisiana      ,43916,Tanzania       
431,18 East First Street,Dayton         ,Indiana        ,53224,Gambia         
432,648 Rocky Clarendon Street,Hialeah        ,North Dakota   ,73274,Barbados       
433,291 Rocky Second Street,Bakersfield    ,Rhode Island   ,98531,Comoros        
434,89 Rocky Hague Parkway,Louisville     ,Alaska         ,93572,Haiti          
435,644 Milton Road,Raleigh        ,Hawaii         ,39780,Rwanda         
436,444 Old St.,Bakersfield    ,Arizona        ,57845,Sierra Leone   
437,95 North First Street,Dallas         ,Missouri       ,47483,Colombia       
438,22 Hague Boulevard,Charlotte      ,Georgia        ,90911,Syria          
439,879 Rocky Fabien Blvd.,Tulsa          ,Missouri       ,37926,Guadeloupe     
440,824 Hague Boulevard,Washington     ,Texas          ,14931,United States  
441,87 Fabien Drive,Las Vegas      ,North Dakota   ,15302,Uzbekistan     
442,283 White Oak Street,Hialeah        ,North Carolina ,81723,Kiribati       
443,22 Rocky Nobel Freeway,Tampa          ,Kentucky       ,96624,Serbia         
444,940 Rocky Old St.,Lincoln        ,Illinois       ,81184,Grenada        
445,74 Milton Boulevard,Chicago        ,Idaho          ,87300,Paraguay       
446,50 White Fabien Avenue,New Orleans    ,New Jersey     ,,Zimbabwe       
447,17 Green Nobel Street,Anaheim        ,New Jersey     ,18136,Brazil         
448,21 White New Road,Akron          ,Wisconsin      ,62177,Czech Republic 
449,574 Second Blvd.,Omaha          ,Michigan       ,69394,Portugal       
450,47 West Rocky New Parkway,Albuquerque    ,Michigan       ,12028,Tanzania       
451,93 First Avenue,Long Beach     ,Massachusetts  ,27051,Netherlands    
452,338 East Oak Way,Grand Rapids   ,Indiana        ,35656,Belize         
453,543 North White Oak Road,Oklahoma       ,Connecticut    ,65225,Jamaica        
454,85 East Rocky Milton Boulevard,Seattle        ,Mississippi    ,37875,Saint Helena   
455,966 South Milton Drive,Mobile         ,New York       ,40754,Zambia         
456,204 North White First Road,Virginia Beach ,Georgia        ,43318,Liechtenstein  
457,862 West Milton Drive,Fort Wayne     ,Minnesota      ,18906,France         
458,36 North Clarendon Avenue,Long Beach     ,Massachusetts  ,59670,Saudi Arabia   
459,922 West Old Way,Tacoma         ,Kansas         ,52573,Senegal        
460,65 East Rocky New Drive,Chicago        ,Maine          ,98849,Mauritius      
461,320 North Fabien Drive,Mesa           ,New Mexico     ,20421,Guyana         
462,60 Cowley Freeway,Stockton       ,Missouri       ,72912,Puerto Rico    
463,976 White Cowley Blvd.,Phoenix        ,Hawaii         ,36342,Congo          
464,385 First Boulevard,Fort Worth     ,Georgia        ,64007,India          
465,793 Milton Freeway,,Illinois       ,68379,Vanuatu        
466,97 White First Blvd.,El Paso        ,Pennsylvania   ,52944,Martinique     
467,44 Cowley Freeway,Greensboro     ,Montana        ,73171,Kazakhstan     
468,,Baton Rouge    ,Arkansas       ,27422,Greenland      
469,55 South Fabien Way,Dallas         ,Virginia       ,47578,Kuwait         
470,841 West New Way,Greensboro     ,California     ,59624,Russia         
471,208 First Freeway,Yonkers        ,Delaware       ,78389,United States  
472,77 Fabien Boulevard,Santa Ana      ,Iowa           ,79721,Czech Republic 
473,160 New Avenue,Tulsa          ,Virginia       ,38823,Netherlands    
474,87 North Rocky Second Freeway,Las Vegas      ,Louisiana      ,86837,French Guiana  
475,153 South Second Blvd.,Raleigh        ,Montana        ,90760,Côte d'Ivoire  
476,888 Fabien St.,Shreveport     ,Connecticut    ,49859,Niue           
477,37 North Milton Blvd.,Grand Rapids   ,South Carolina ,25751,Benin          
478,316 Green Hague Drive,Philadelphia   ,North Carolina ,99458,Panama         
479,126 Oak Boulevard,Virginia Beach ,New Jersey     ,43914,India          
480,96 White Second Blvd.,Columbus       ,Ohio           ,62144,Bahamas        
481,88 Rocky Hague Drive,Atlanta        ,Iowa           ,56375,Switzerland    
482,415 White New St.,Baltimore      ,Iowa           ,81903,Romania        
483,18 East Clarendon Boulevard,San Francisco  ,Georgia        ,24735,Iraq           
484,889 Second Boulevard,Memphis        ,Wisconsin      ,18729,Guinea-Bissau  
485,67 West New Drive,Fort Wayne     ,West Virginia  ,63610,Eire           
486,68 Old Freeway,New York       ,Wyoming        ,18259,Côte d'Ivoire  
487,780 New Drive,San Diego      ,Nebraska       ,87998,New Zealand    
488,140 North Nobel Avenue,Newark         ,Kansas         ,45399,Isle of Man    
489,303 Milton Way,Richmond       ,Massachusetts  ,67777,Hong Kong      
490,242 Cowley Boulevard,Mobile         ,Alaska         ,60254,El Salvador    
491,915 Nobel Drive,Albuquerque    ,New Mexico     ,30873,Luxembourg     
492,18 Cowley Drive,Fort Wayne     ,Arkansas       ,98175,Iceland        
493,16 South White New Parkway,Richmond       ,Utah           ,94909,Barbados       
494,29 East Hague Avenue,Sacramento     ,Colorado       ,92061,Saudi Arabia   
495,60 Fabien Boulevard,Sacramento     ,Illinois       ,27504,Mayotte        
496,643 East White Oak Freeway,Corpus Christi ,Florida        ,42018,Czech Republic 
497,,Garland        ,Michigan       ,78960,Fiji           
498,155 White Clarendon Street,Shreveport     ,Delaware       ,27716,Hong Kong      
499,344 North Green Clarendon Drive,Austin         ,Alabama        ,38244,Honduras       
500,984 White Cowley St.,Anaheim        ,Mississippi    ,38239,Cambodia       
501,581 East Fabien Road,San Francisco  ,California     ,24128,Malta          
502,25 Oak Road,Buffalo        ,Montana        ,90714,Seychelles     
503,29 West Second Freeway,Santa Ana      ,Arizona        ,24599,Russia         
504,84 Rocky Hague Boulevard,Grand Rapids   ,Louisiana      ,19770,Virgin Islands 
505,99 Nobel Blvd.,Corpus Christi ,Indiana        ,33638,United States  
506,744 Hague Parkway,Hialeah        ,Colorado       ,47330,Iraq           
507,22 Rocky Oak Parkway,Greensboro     ,Maine          ,96832,Kenya          
508,808 Green Milton Avenue,Washington     ,South Carolina ,78388,Burundi        
509,44 White Cowley Street,Mesa           ,Wisconsin      ,47114,Mauritania     
510,585 Old Drive,Tulsa          ,Montana        ,90894,Gibraltar      
511,282 New Drive,Little Rock    ,Massachusetts  ,27567,Iceland        
512,851 Fabien St.,Tucson         ,South Carolina ,19448,Mongolia       
513,976 Rocky Milton Blvd.,Birmingham     ,Tennessee      ,25756,Honduras       
514,99 North Rocky Old Boulevard,Columbus       ,New York       ,90429,Philippines    
515,189 Rocky Clarendon Freeway,Louisville     ,California     ,52473,Paraguay       
516,86 Green Milton Road,Garland        ,Kansas         ,38518,Nauru          
517,46 North Cowley Avenue,Pittsburgh     ,Kansas         ,58177,Ghana          
518,37 Oak Avenue,Tampa          ,Illinois       ,27613,South Africa   
519,869 White Hague Road,San Antonio    ,Idaho          ,10396,Cameroon       
520,91 West White Oak Blvd.,Fort Worth     ,Illinois       ,60119,Rwanda         
521,34 East Cowley Street,Columbus       ,Hawaii         ,64945,Tonga          
522,332 First Street,Long Beach     ,Georgia        ,37772,Anguilla       
523,192 North Oak Blvd.,Bakersfield    ,North Dakota   ,59645,Uruguay        
524,469 Fabien Road,Fort Worth     ,Vermont        ,87324,Cyprus         
525,405 Green Second Boulevard,Toledo         ,Mississippi    ,38750,Ecuador        
526,870 Rocky First Freeway,Hialeah        ,California     ,80214,Malta          
527,979 Hague Blvd.,,Michigan       ,84811,Burkina Faso   
528,943 Oak Drive,Shreveport     ,South Carolina ,46761,Sweden         
529,28 White Nobel Drive,Chicago        ,California     ,69332,Poland         
530,154 Oak St.,Cleveland      ,Kentucky       ,58742,Virgin Islands 
531,12 Green First Street,San Antonio    ,Ohio           ,70899,Hong Kong      
532,65 Milton Parkway,Montgomery     ,New York       ,98034,Pitcairn       
533,953 Old Parkway,Detroit        ,North Carolina ,71213,Ghana          
534,73 Green Second Avenue,Shreveport     ,Colorado       ,15674,Eire           
535,596 West Fabien Drive,Jackson        ,New Jersey     ,48015,Madagascar     
536,630 South Rocky Milton Blvd.,Los Angeles    ,Rhode Island   ,65661,Bahamas        
537,485 White Milton Blvd.,Hialeah        ,Illinois       ,67303,Zimbabwe       
538,534 West Nobel Avenue,Anaheim        ,Tennessee      ,14965,Japan          
539,728 New Street,Portland       ,Ohio           ,85090,Isle of Man    
540,88 North Rocky New Freeway,Mesa           ,Tennessee      ,26280,South Korea    
541,385 East Old Road,Indianapolis   ,New Mexico     ,21427,Romania        
542,291 Clarendon Parkway,Indianapolis   ,Pennsylvania   ,19610,Liechtenstein  
543,62 Hague Way,Montgomery     ,Louisiana      ,98284,Sweden         
544,142 Green New Blvd.,Chicago        ,Virginia       ,76882,Austria        
545,67 South New Road,Long Beach     ,New York       ,42686,Sweden         
546,96 Old Parkway,Grand Rapids   ,South Dakota   ,21425,Turkey         
547,891 Clarendon Avenue,San Diego      ,Idaho          ,82418,American Samoa 
548,47 Rocky Nobel Way,Virginia Beach ,Idaho          ,14480,Guyana         
549,414 North Second Way,Anaheim        ,Alaska         ,49587,Bahrain        
550,70 South Rocky Hague Parkway,Madison        ,Washington     ,88986,United States  
551,144 Green Fabien Parkway,Buffalo        ,Texas          ,83840,Tonga          
552,782 Hague Boulevard,Nashville      ,Georgia        ,61347,Kenya          
553,43 First Avenue,St. Louis      ,Virginia       ,27319,Dominica       
554,878 Green First Freeway,Rochester      ,Rhode Island   ,78125,Namibia        
555,41 First Blvd.,Arlington      ,Indiana        ,73294,Ecuador        
556,485 New Road,Tulsa          ,Vermont        ,86356,
557,10 West Rocky Old Road,Madison        ,Texas          ,41068,Luxembourg     
558,99 North Clarendon St.,Colorado       ,Delaware       ,37274,Sudan          
559,372 South Fabien Freeway,New Orleans    ,Utah           ,81019,Malawi         
560,464 Green Nobel Way,Tucson         ,Florida        ,53424,Qatar          
561,87 Rocky New Boulevard,Mobile         ,Ohio           ,62518,India          
562,91 White New Blvd.,Phoenix        ,New Hampshire  ,60070,
563,600 Nobel Road,Hialeah        ,Ohio           ,19055,Fiji           
564,493 New Blvd.,Bakersfield    ,New York       ,88372,Mongolia       
565,83 Hague Road,Tulsa          ,South Dakota   ,29994,Isle of Man    
566,499 Green Second Blvd.,Newark         ,Rhode Island   ,29532,Micronesia     
567,981 White Old Road,Dayton         ,Delaware       ,,Ukraine        
568,694 East Nobel Way,Tampa          ,Oregon         ,48234,Norway         
569,119 White Old Street,Madison        ,Arizona        ,20082,Falklands      
570,45 West Green First Parkway,,Kansas         ,52413,Brazil         
571,49 Oak Freeway,San Francisco  ,Arkansas       ,86812,Comoros        
572,57 Rocky Milton Road,Stockton       ,Missouri       ,71214,Nauru          
573,838 Second Blvd.,Kansas         ,New Hampshire  ,53212,Nepal          
574,43 White New Drive,San Antonio    ,Massachusetts  ,42522,Taiwan         
575,371 Green Second Street,Los Angeles    ,New York       ,84115,India          
576,55 Oak Way,Fremont        ,Minnesota      ,48691,Ghana          
577,69 Hague Road,Columbus       ,Tennessee      ,55334,Algeria        
578,36 North Rocky Cowley Parkway,Oklahoma       ,Rhode Island   ,39487,Indonesia      
579,749 Hague Freeway,Oklahoma       ,Indiana        ,82762,China          
580,243 South Oak Drive,Las Vegas      ,North Dakota   ,54637,Tanzania       
581,67 New Way,Honolulu       ,Texas          ,27325,Guatemala      
582,42 Rocky Cowley Freeway,Honolulu       ,Georgia        ,97795,Ghana          
583,46 Nobel Parkway,Omaha          ,Rhode Island   ,80331,Madagascar     
584,49 New Road,Milwaukee      ,Delaware       ,97173,Saint Lucia    
585,41 Green Milton Boulevard,Seattle        ,Missouri       ,80345,Senegal        
586,377 Clarendon Drive,Aurora         ,Montana        ,74901,Saudi Arabia   
587,26 North Fabien Drive,Hialeah        ,Oregon         ,19552,Bahamas        
588,572 West White New Drive,Wichita        ,Utah           ,80715,Uganda         
589,686 North Green Cowley Avenue,Pittsburgh     ,Tennessee      ,93088,Lebanon        
590,47 East Clarendon Drive,Shreveport     ,Oklahoma       ,42379,Palau          
591,96 Hague Way,Charlotte      ,Washington     ,61659,Algeria        
592,826 White Second Boulevard,Boston         ,California     ,34592,American Samoa 
593,769 Old Boulevard,Portland       ,Wisconsin      ,40029,Denmark        
594,76 South Oak Boulevard,Charlotte      ,Montana        ,33945,Kiribati       
595,18 White Cowley Avenue,Fremont        ,Delaware       ,41666,Paraguay       
596,50 Old St.,Raleigh        ,Arizona        ,63762,Andorra        
597,430 Nobel Parkway,Philadelphia   ,Arizona        ,61357,Martinique     
598,91 East Fabien Way,Austin         ,Oregon         ,,Cambodia       
599,20 Rocky Oak Boulevard,Dayton         ,California     ,10555,Bangladesh     
600,922 Green First Road,Anaheim        ,Texas          ,19912,Fiji           
601,195 Rocky Oak Street,Raleigh        ,North Carolina ,56888,Botswana       
602,93 Clarendon Street,Tacoma         ,Montana        ,23154,Congo          
603,185 Milton Road,Toledo         ,Georgia        ,73190,New Caledonia  
604,593 East Oak Parkway,Colorado       ,Oklahoma       ,72336,Thailand       
605,910 Green Hague Boulevard,Cincinnati     ,Utah           ,62066,Cook Islands   
606,77 White Cowley Boulevard,Phoenix        ,Maine          ,62775,Jordan         
607,921 White Cowley Parkway,Washington     ,New York       ,27772,Georgia        
608,905 Milton St.,Columbus       ,Montana        ,40628,Anguilla       
609,45 Rocky First Parkway,Tucson         ,Connecticut    ,28824,Austria        
610,29 Fabien Freeway,Anchorage      ,South Dakota   ,43204,Tunisia        
611,32 North Fabien Blvd.,Yonkers        ,Arizona        ,39433,Morocco        
612,683 Rocky Nobel Road,San Francisco  ,California     ,27960,Spain          
613,65 Second Way,Santa Ana      ,Vermont        ,56868,Guadeloupe     
614,56 Milton Street,Garland        ,Georgia        ,58305,Vanuatu        
615,87 Rocky New St.,Mobile         ,Kentucky       ,82636,Comoros        
616,668 Clarendon Avenue,Dayton         ,Missouri       ,63694,Isle of Man    
617,575 Rocky Nobel Road,Kansas         ,South Carolina ,55628,Syria          
618,252 White Second Street,Glendale       ,Nebraska       ,82187,Luxembourg     
619,400 Fabien Way,Corpus Christi ,Connecticut    ,62896,Slovakia       
620,319 Oak Freeway,Nashville      ,Iowa           ,38709,New Caledonia  
621,418 White Fabien Boulevard,Louisville     ,Alaska         ,23470,Lithuania      
622,73 White Cowley Parkway,San Diego      ,Indiana        ,20441,Albania        
623,314 South Rocky Clarendon Drive,Toledo         ,Vermont        ,48817,Cook Islands   
624,952 Rocky Fabien Drive,Mobile         ,Kentucky       ,55145,Moldova        
625,32 Fabien Parkway,Fresno         ,Maryland       ,77703,Bolivia        
626,71 Rocky Hague Way,Tacoma         ,Wyoming        ,90754,Chile          
627,39 New Parkway,Tulsa          ,Nebraska       ,62219,Indonesia      
628,407 White Oak Avenue,Bakersfield    ,Arizona        ,41184,China          
629,956 Rocky Cowley Freeway,Indianapolis   ,Illinois       ,29267,China          
630,795 Rocky Oak Freeway,Austin         ,New Jersey     ,10855,Haiti          
631,34 Green Cowley Way,Columbus       ,Maryland       ,30353,Saint Lucia    
632,738 West Green Fabien Street,Greensboro     ,Colorado       ,87334,Switzerland    
633,832 White Clarendon Freeway,Oakland        ,North Dakota   ,54778,Gibraltar      
634,669 Hague Street,Anchorage      ,Massachusetts  ,29574,Thailand       
635,27 Green Oak Blvd.,Greensboro     ,Alaska         ,35874,
636,32 White Second Parkway,Buffalo        ,Louisiana      ,41483,Saint Lucia    
637,44 Rocky Hague Blvd.,Tacoma         ,Wyoming        ,54134,Chile          
638,195 White Clarendon Boulevard,Spokane        ,Arkansas       ,35459,Norway         
639,641 East Second Avenue,Akron          ,Iowa           ,28264,Netherlands    
640,713 West Old Road,Indianapolis   ,Connecticut    ,44398,Mexico         
641,522 Rocky New Street,Santa Ana      ,Vermont        ,62573,Grenada        
642,918 Hague Street,Riverside      ,Idaho          ,44273,Kuwait         
643,34 East Fabien St.,Washington     ,Pennsylvania   ,90728,Argentina      
644,809 Old Boulevard,Anchorage      ,Alabama        ,47510,Syria          
645,10 East Fabien Road,Spokane        ,North Carolina ,63655,Mauritius      
646,,Seattle        ,Texas          ,24419,Barbados       
647,12 East Green Milton Parkway,Rochester      ,Georgia        ,14790,China          
648,50 Rocky Nobel Freeway,Pittsburgh     ,Rhode Island   ,76287,North Korea    
649,47 Green Hague St.,Tampa          ,Georgia        ,57392,Estonia        
650,742 East Rocky Nobel Drive,Dallas         ,North Carolina ,70250,Fiji           
651,47 Second Avenue,Honolulu       ,Illinois       ,86038,Finland        
652,,San Francisco  ,Nebraska       ,81574,Cameroon       
653,453 Nobel Way,Norfolk        ,New Mexico     ,98460,Argentina      
654,85 West Oak Way,Corpus Christi ,South Dakota   ,71846,Grenada        
655,84 South Rocky New Freeway,New York       ,South Dakota   ,96441,Japan          
656,80 Cowley Street,Anchorage      ,Maine          ,46446,Samoa          
657,242 Rocky Second St.,Cincinnati     ,New York       ,74337,Bolivia        
658,78 Rocky Hague Freeway,Akron          ,Texas          ,28045,Zambia         
659,314 Hague Blvd.,Detroit        ,Kansas         ,94633,Austria        
660,71 Nobel Freeway,Wichita        ,Utah           ,71312,Samoa          
661,869 Green Clarendon Blvd.,Corpus Christi ,Texas          ,10556,Andorra        
662,79 Fabien Road,Cleveland      ,New Hampshire  ,86587,Argentina      
663,741 Fabien St.,Chicago        ,Illinois       ,21361,Burkina Faso   
664,32 Nobel Road,San Diego      ,Nevada         ,,Swaziland      
665,770 East Green Fabien Road,Jackson        ,Michigan       ,27969,Oman           
666,66 South Cowley Freeway,Little Rock    ,West Virginia  ,22850,Cameroon       
667,34 South Fabien St.,Stockton       ,Massachusetts  ,52098,Réunion        
668,526 White Clarendon Freeway,Grand Rapids   ,Missouri       ,73181,Luxembourg     
669,51 South White Milton Road,Los Angeles    ,Florida        ,37294,Kazakhstan     
670,805 First St.,Oklahoma       ,Wyoming        ,32430,Costa Rica     
671,35 First Drive,Tacoma         ,Montana        ,51153,Algeria        
672,364 South Old Road,Virginia Beach ,Oregon         ,19560,Réunion        
673,69 Green Second Avenue,Boston         ,Idaho          ,30168,Djibouti       
674,43 New Boulevard,Wichita        ,Alabama        ,63922,United Kingdom 
675,919 Fabien Drive,Baton Rouge    ,Massachusetts  ,28498,Kyrgyzstan     
676,778 White Milton Drive,Dayton         ,South Dakota   ,76135,China          
677,74 Cowley St.,Montgomery     ,Nebraska       ,79197,Kuwait         
678,14 Green Oak Boulevard,Mobile         ,Utah           ,29713,Burkina Faso   
679,29 Hague Street,Hialeah        ,Ohio           ,11306,Namibia        
680,30 Hague Way,Austin         ,Nevada         ,91490,Libya          
681,721 Nobel Road,Austin         ,South Carolina ,63283,United States  
682,623 Rocky First Street,Houston        ,Pennsylvania   ,85963,Liberia        
683,998 White Milton Road,Pittsburgh     ,Utah           ,85931,Burkina Faso   
684,67 Rocky Milton Street,Philadelphia   ,New Mexico     ,83791,Thailand       
685,833 South Rocky New Freeway,Grand Rapids   ,Kentucky       ,59016,Tanzania       
686,77 Oak St.,Mobile         ,Utah           ,24816,Denmark        
687,38 Green Second Road,Denver         ,Montana        ,48778,Poland         
688,442 North New Blvd.,Raleigh        ,Utah           ,88874,Malawi         
689,70 North White Nobel Freeway,Riverside      ,New Jersey     ,82932,Tanzania       
690,92 West Rocky New Street,Washington     ,North Carolina ,33132,Bolivia        
691,891 Rocky New Parkway,San Diego      ,Oklahoma       ,89428,New Zealand    
692,59 New Boulevard,Cleveland      ,Connecticut    ,67145,Colombia       
693,938 Green Clarendon Freeway,Montgomery     ,Pennsylvania   ,36088,Myanmar        
694,606 Fabien Boulevard,Washington     ,Michigan       ,40826,Syria          
695,166 Green Old St.,Fresno         ,Iowa           ,56952,Malvinas       
696,415 White New Way,Oklahoma       ,Kansas         ,43842,French Guiana  
697,814 North Milton Street,Rochester      ,Wyoming        ,75985,Greenland      
698,13 East Green New Blvd.,Indianapolis   ,Hawaii         ,32912,Comoros        
699,936 Fabien Avenue,Columbus       ,New Jersey     ,72758,Cook Islands   
700,94 Old St.,Fremont        ,Ohio           ,34660,Iraq           
701,941 Second Freeway,Miami          ,Michigan       ,21556,Guadeloupe     
702,86 East Hague Road,Grand Rapids   ,Oklahoma       ,51237,Nigeria        
703,81 South White Fabien Freeway,Albuquerque    ,New Jersey     ,77496,Czech Republic 
704,697 Rocky Milton Street,Austin         ,Hawaii         ,53856,Bahamas        
705,838 White New Blvd.,San Francisco  ,Delaware       ,16239,Ethiopia       
706,91 White Nobel Street,Detroit        ,Nebraska       ,60690,Malta          
707,654 Milton Avenue,Spokane        ,Iowa           ,65870,Tuvalu         
708,608 Nobel Blvd.,San Jose       ,New Mexico     ,27651,Belize         
709,17 Rocky Old Freeway,Columbus       ,Massachusetts  ,79962,Switzerland    
710,832 Green New Road,Baltimore      ,Alabama        ,95710,Estonia        
711,45 White Clarendon Boulevard,Yonkers        ,Texas          ,27244,Gambia         
712,33 New Way,St. Petersburg ,Rhode Island   ,26732,Virgin Islands 
713,338 South Milton Parkway,Hialeah        ,Florida        ,73031,Guinea-Bissau  
714,37 Rocky Fabien Freeway,Des Moines     ,Rhode Island   ,36554,Mauritania     
715,428 Oak Parkway,Nashville      ,Arkansas       ,41349,South Georgia  
716,991 Rocky New Avenue,Arlington      ,California     ,85348,Madagascar     
717,28 North Fabien Boulevard,Madison        ,Oklahoma       ,24624,Tonga          
718,728 South Green Nobel St.,Fort Wayne     ,New York       ,12795,Egypt          
719,47 Cowley Boulevard,Cleveland      ,Hawaii         ,62344,Vietnam        
720,20 White Old Blvd.,Fort Wayne     ,Nevada         ,13152,Kenya          
721,354 Nobel Parkway,Anchorage      ,Minnesota      ,74072,Jamaica        
722,294 Hague Street,Arlington      ,Nevada         ,63224,Cuba           
723,14 First Boulevard,Jacksonville   ,Vermont        ,90248,Nauru          
724,41 New Way,Grand Rapids   ,Nebraska       ,14161,Greenland      
725,89 Milton Freeway,New Orleans    ,Indiana        ,43002,Malvinas       
726,86 West Cowley Freeway,Akron          ,Maine          ,84007,South Korea    
727,62 South Old Boulevard,Wichita        ,Wisconsin      ,83471,
728,429 New Avenue,New York       ,South Dakota   ,89341,Bolivia        
729,707 East White Second Parkway,Houston        ,Oklahoma       ,16970,Guernsey       
730,865 Oak Parkway,Tulsa          ,California     ,84655,Hungary        
731,287 Fabien Drive,Cleveland      ,Tennessee      ,10150,Colombia       
732,817 Fabien St.,Baton Rouge    ,Kentucky       ,56284,Sri Lanka      
733,84 Nobel Road,Montgomery     ,Indiana        ,56955,Finland        
734,52 West Clarendon Avenue,Greensboro     ,Wyoming        ,76646,Uruguay        
735,66 Milton Road,Lincoln        ,Connecticut    ,79933,
736,14 Old Blvd.,,California     ,22046,Cuba           
737,76 Nobel Freeway,Tulsa          ,Florida        ,18467,Canada         
738,89 Green Second Freeway,Corpus Christi ,North Dakota   ,42075,Finland        
739,51 Green First Parkway,San Francisco  ,Mississippi    ,77552,Ethiopia       
740,889 West Old Blvd.,,South Dakota   ,98325,Azerbaijan     
741,951 Cowley Blvd.,Glendale       ,,58946,Myanmar        
742,20 Clarendon Way,Shreveport     ,New Jersey     ,31126,Grenada        
743,17 Oak Avenue,Montgomery     ,Virginia       ,18911,Gabon          
744,454 New Blvd.,Jacksonville   ,Mississippi    ,87222,Myanmar        
745,,Grand Rapids   ,New Jersey     ,15888,Nigeria        
746,42 Green Oak Road,St. Paul       ,South Dakota   ,72696,Myanmar        
747,99 White Second Road,St. Louis      ,West Virginia  ,94114,Slovenia       
748,48 East Milton St.,Oakland        ,Wisconsin      ,99534,Niue           
749,696 White New Boulevard,Virginia Beach ,Wisconsin      ,99477,Slovenia       
750,17 West White Clarendon Road,Detroit        ,Louisiana      ,71603,Austria        
751,98 New Parkway,Tacoma         ,Georgia        ,29218,Argentina      
752,960 Green Cowley Freeway,Montgomery     ,New Mexico     ,73190,Andorra        
753,81 Oak Road,Miami          ,Louisiana      ,70567,Hungary        
754,346 West Fabien Street,Riverside      ,Wyoming        ,69606,Barbados       
755,91 North Nobel Road,Garland        ,,60588,Cuba           
756,930 North Second Parkway,Spokane        ,Arizona        ,58332,Qatar          
757,363 Second Parkway,Austin         ,Illinois       ,60988,Virgin Islands 
758,905 West Milton Freeway,Fresno         ,Vermont        ,73335,Brazil         
759,68 South Nobel Way,Riverside      ,South Dakota   ,20854,Anguilla       
760,661 White New St.,Tampa          ,Arkansas       ,32231,Thailand       
761,88 Old Parkway,Chicago        ,Washington     ,77218,Macedonia      
762,24 Milton Road,Minneapolis    ,Rhode Island   ,76528,Jamaica        
763,523 Hague Street,Colorado       ,Nevada         ,20681,Italy          
764,265 Cowley Road,Columbus       ,Mississippi    ,95306,Mauritius      
765,928 Hague Blvd.,Detroit        ,Vermont        ,95559,Philippines    
766,976 North Hague Street,Toledo         ,Kentucky       ,70960,Palau          
767,221 Green Oak St.,Greensboro     ,Florida        ,,Israel         
768,16 Second St.,San Jose       ,Montana        ,69777,Andorra        
769,856 Fabien Drive,Mobile         ,Missouri       ,96385,Anguilla       
770,803 East Rocky Cowley Street,Fremont        ,Florida        ,56620,Cameroon       
771,544 Second Parkway,Arlington      ,North Carolina ,29303,Indonesia      
772,89 Green Old Blvd.,Lincoln        ,Wyoming        ,76881,Malta          
773,451 North Green Milton Boulevard,Bakersfield    ,Washington     ,82548,Eritrea        
774,503 East Clarendon St.,Riverside      ,Arizona        ,35243,Spain          
775,842 Milton Blvd.,Detroit        ,Florida        ,64018,Nauru          
776,318 Oak Drive,Miami          ,Massachusetts  ,54205,Nepal          
777,90 Hague Parkway,Indianapolis   ,Wisconsin      ,52945,Canada         
778,25 Rocky Milton St.,Tampa          ,Nevada         ,54312,Slovenia       
779,397 North White First Freeway,Milwaukee      ,Arkansas       ,13025,Malvinas       
780,19 Old Parkway,St. Paul       ,Kansas         ,98273,Algeria        
781,14 Oak Way,Omaha          ,Oklahoma       ,70306,Macao          
782,68 Oak Drive,Yonkers        ,Kentucky       ,89892,Tajikistan     
783,38 Old Road,Tucson         ,Massachusetts  ,83937,Andorra        
784,87 East Rocky Oak Blvd.,Cincinnati     ,Alabama        ,89864,Austria        
785,123 First Street,Detroit        ,Mississippi    ,45367,
786,979 Hague Street,Memphis        ,Nebraska       ,65437,Ghana          
787,429 Green Nobel Freeway,Bakersfield    ,Mississippi    ,36959,Guinea-Bissau  
788,902 Cowley Avenue,Colorado       ,Missouri       ,85716,Senegal        
789,90 Hague Avenue,Grand Rapids   ,Kentucky       ,87348,Rwanda         
790,728 Nobel Parkway,Columbus       ,Idaho          ,26058,Bahrain        
791,15 Fabien Road,Birmingham     ,Pennsylvania   ,31601,Cyprus         
792,194 First Street,Tucson         ,Idaho          ,61057,Dominica       
793,519 White Milton Parkway,Raleigh        ,Iowa           ,45131,Angola         
794,61 Old Avenue,San Antonio    ,California     ,31220,Eire           
795,29 Green Clarendon Street,San Jose       ,Oregon         ,55320,Honduras       
796,575 First Way,Omaha          ,Oklahoma       ,31107,Malta          
797,880 Clarendon Freeway,El Paso        ,Illinois       ,82418,Congo          
798,139 White Milton Drive,Spokane        ,Colorado       ,20445,Trinidad       
799,72 Cowley Way,Dallas         ,Alabama        ,23604,Qatar          
800,547 Oak St.,Tucson         ,Delaware       ,91662,Trinidad       
801,40 Green Fabien Freeway,Riverside      ,Massachusetts  ,44927,Vietnam        
802,362 Green Milton Drive,Cleveland      ,Iowa           ,12918,Cook Islands   
803,21 Clarendon Blvd.,Anaheim        ,Minnesota      ,97729,Seychelles     
804,548 Fabien Blvd.,Pittsburgh     ,South Carolina ,52913,Nepal          
805,49 West Old St.,Detroit        ,Kentucky       ,80173,Niger          
806,98 North Milton Parkway,Indianapolis   ,Louisiana      ,94721,Niger          
807,37 Hague Parkway,Dayton         ,Indiana        ,46669,Libya          
808,535 Fabien Way,Jackson        ,New Hampshire  ,47947,Saint Lucia    
809,241 Green Second Way,Arlington      ,Florida        ,16548,Malvinas       
810,91 White Milton Boulevard,Honolulu       ,New Jersey     ,25400,Kenya          
811,879 South Old Street,Lincoln        ,Arkansas       ,17642,Mexico         
812,897 White Cowley Avenue,Aurora         ,Ohio           ,14019,Mexico         
813,31 White Milton Boulevard,Portland       ,South Dakota   ,57962,Chile          
814,23 Second Boulevard,San Jose       ,Missouri       ,75062,Micronesia     
815,32 Old Avenue,Detroit        ,Louisiana      ,50548,American Samoa 
816,69 White Hague Street,Memphis        ,New Mexico     ,42338,Guyana         
817,33 Rocky New Parkway,Phoenix        ,Maine          ,93281,Netherlands    
818,837 New Parkway,San Antonio    ,Nevada         ,86663,Iran           
819,47 Clarendon Street,Montgomery     ,Wyoming        ,75314,Guinea-Bissau  
820,21 Green Clarendon Street,Dayton         ,Louisiana      ,39869,Egypt          
821,33 Milton Way,Santa Ana      ,Texas          ,68600,Guadeloupe     
822,18 Rocky First Blvd.,St. Louis      ,Ohio           ,85243,Tonga          
823,47 North Nobel Parkway,Fort Worth     ,Georgia        ,82428,Niue           
824,832 Green Fabien Freeway,Lubbock        ,Indiana        ,80326,United States  
825,35 Nobel Boulevard,Atlanta        ,Massachusetts  ,35019,Somalia        
826,808 White Milton St.,St. Petersburg ,Massachusetts  ,68245,Turkey         
827,252 Rocky New Boulevard,Detroit        ,Ohio           ,41749,Honduras       
828,56 Second Road,Lubbock        ,Tennessee      ,61328,French Guiana  
829,38 Fabien Boulevard,St. Paul       ,Kansas         ,79922,Taiwan         
830,68 New Blvd.,Louisville     ,Mississippi    ,42911,France         
831,648 East Rocky Clarendon Street,New Orleans    ,Delaware       ,71787,Japan          
832,835 White Fabien Way,Washington     ,Utah           ,42500,Poland         
833,596 Green Clarendon Boulevard,Fresno         ,Nebraska       ,40708,Isle of Man    
834,319 Rocky Hague Road,Grand Rapids   ,Washington     ,21363,Tonga          
835,98 West White Clarendon Boulevard,Dayton         ,Virginia       ,63345,Mexico         
836,179 Green Nobel Road,Nashville      ,Michigan       ,67387,Somalia        
837,64 First Street,Nashville      ,Utah           ,92163,Poland         
838,26 Milton Blvd.,Spokane        ,New Mexico     ,41024,Eire           
839,77 East First Boulevard,Albuquerque    ,North Dakota   ,19690,Guinea-Bissau  
840,49 Green Oak Boulevard,Spokane        ,Colorado       ,50645,Indonesia      
841,617 South New Parkway,Fort Worth     ,Illinois       ,28768,South Africa   
842,69 New St.,Memphis        ,Vermont        ,89012,Montserrat     
843,488 West Green Second Road,Spokane        ,Kansas         ,79168,Djibouti       
844,43 White First Blvd.,Oakland        ,Pennsylvania   ,71948,Gabon          
845,552 Clarendon Drive,Baltimore      ,Delaware       ,18415,Libya          
846,331 West Second Boulevard,Dayton         ,Arizona        ,27581,Netherlands    
847,705 Hague St.,Houston        ,Michigan       ,13094,Bahamas        
848,82 Rocky New Way,Las Vegas      ,South Carolina ,70069,Jersey         
849,60 Green Old Parkway,Houston        ,Pennsylvania   ,80672,Djibouti       
850,27 North Cowley Blvd.,Columbus       ,Connecticut    ,22981,Algeria        
851,82 Old Parkway,Oakland        ,Kentucky       ,37826,
852,197 First Avenue,Baltimore      ,Oklahoma       ,95754,Trinidad       
853,895 South Fabien Parkway,Dallas         ,Colorado       ,45131,San Marino     
854,13 East First Boulevard,Memphis        ,North Dakota   ,83735,Malta          
855,99 South Milton Boulevard,Lincoln        ,Iowa           ,33062,Lesotho        
856,89 Nobel Freeway,St. Louis      ,Oklahoma       ,59684,Mauritius      
857,77 North Old Drive,Little Rock    ,Colorado       ,30489,Azerbaijan     
858,723 New Freeway,Baton Rouge    ,Georgia        ,27402,Macedonia      
859,57 Green Nobel Boulevard,Houston        ,Maine          ,27893,Suriname       
860,76 Nobel Avenue,Sacramento     ,Virginia       ,21928,Slovenia       
861,671 Rocky Cowley Way,Detroit        ,North Carolina ,62972,Réunion        
862,10 East White Cowley Avenue,Chicago        ,Michigan       ,85341,Falklands      
863,820 South Fabien Boulevard,Seattle        ,Illinois       ,68024,Côte d'Ivoire  
864,19 Green Oak Road,Chicago        ,Oklahoma       ,73637,Thailand       
865,68 Cowley Avenue,Boston         ,Minnesota      ,53612,Estonia        
866,680 Clarendon Blvd.,Arlington      ,Hawaii         ,75142,American Samoa 
867,983 Rocky Nobel Blvd.,New Orleans    ,Florida        ,73311,Swaziland      
868,898 Green Oak Parkway,Fresno         ,Utah           ,46599,Cameroon       
869,57 Second Blvd.,El Paso        ,New Hampshire  ,21716,Eritrea        
870,97 Rocky Clarendon Street,Lincoln        ,Washington     ,83160,Albania        
871,150 Cowley Drive,Spokane        ,Oregon         ,50175,Costa Rica     
872,509 Rocky Fabien Drive,Columbus       ,Pennsylvania   ,62257,New Zealand    
873,447 Nobel Street,Aurora         ,Utah           ,76972,Hong Kong      
874,35 Hague Drive,Columbus       ,Utah           ,34669,Armenia        
875,72 Clarendon Blvd.,Arlington      ,Colorado       ,21100,Vatican City   
876,267 South Milton Drive,St. Louis      ,West Virginia  ,79587,Israel         
877,55 North White Fabien Blvd.,Sacramento     ,Maryland       ,16075,Réunion        
878,964 North Second Drive,Dayton         ,,20480,Norway         
879,312 Hague Road,Raleigh        ,Minnesota      ,71911,Guyana         
880,203 Old Parkway,Fresno         ,Colorado       ,17438,Jersey         
881,62 East Rocky First Parkway,Norfolk        ,Maine          ,65151,Comoros        
882,16 South Green Clarendon Parkway,Minneapolis    ,Wyoming        ,71679,Suriname       
883,71 Clarendon Blvd.,Yonkers        ,Virginia       ,80655,Ukraine        
884,31 Green Cowley Way,Corpus Christi ,California     ,66940,Austria        
885,772 Old Drive,Washington     ,Florida        ,15085,Sweden         
886,337 White Cowley Way,Baltimore      ,Connecticut    ,76032,Honduras       
887,52 Rocky Oak Freeway,Baltimore      ,Michigan       ,97368,Niue           
888,995 Green Cowley Boulevard,Oklahoma       ,Pennsylvania   ,56972,Colombia       
889,29 Clarendon Way,Chicago        ,Utah           ,88300,Ukraine        
890,39 Second Road,Colorado       ,North Carolina ,13661,Grenada        
891,11 Green First Way,Portland       ,Georgia        ,46897,Luxembourg     
892,38 Green Fabien St.,Santa Ana      ,Kansas         ,74760,Gabon          
893,61 First St.,Dayton         ,North Dakota   ,23130,Syria          
894,89 Rocky First Blvd.,Fremont        ,Idaho          ,97762,Jamaica        
895,804 South Milton Way,Montgomery     ,Pennsylvania   ,,Nauru          
896,87 North Milton Way,Nashville      ,Mississippi    ,87672,Brazil         
897,98 Cowley Drive,Fremont        ,Tennessee      ,43427,Namibia        
898,218 West White Fabien Boulevard,Garland        ,North Carolina ,30987,Philippines    
899,97 East Old St.,Washington     ,New Jersey     ,15530,Venezuela      
900,18 Oak Boulevard,Toledo         ,Kansas         ,28335,Fiji           
901,86 Nobel Street,Corpus Christi ,West Virginia  ,43272,New Caledonia  
902,98 Green Milton St.,Tampa          ,Vermont        ,54270,Lebanon        
903,337 Green Old Street,Sacramento     ,Nevada         ,66494,Slovakia       
904,162 Milton Boulevard,El Paso        ,Hawaii         ,58353,Japan          
905,403 Nobel Boulevard,Arlington      ,South Dakota   ,97511,Antarctica     
906,41 North Hague Freeway,Cleveland      ,Maryland       ,72806,Guinea-Bissau  
907,39 Oak Parkway,Pittsburgh     ,New Jersey     ,75568,Macedonia      
908,72 Fabien Boulevard,Columbus       ,Texas          ,28782,Portugal       
909,639 North Rocky Second Freeway,Newark         ,Illinois       ,20462,Micronesia     
910,69 Oak Drive,Miami          ,New Hampshire  ,72635,Austria        
911,488 White Hague Drive,Spokane        ,Kentucky       ,53475,South Georgia  
912,14 Rocky Fabien Avenue,San Diego      ,Kentucky       ,53609,Hungary        
913,79 North New Avenue,Fremont        ,North Dakota   ,20009,Cameroon       
914,18 Oak Blvd.,Newark         ,California     ,55491,Indonesia      
915,11 South Milton Street,Jackson        ,Alabama        ,20455,Nepal          
916,476 Oak Parkway,Las Vegas      ,Washington     ,56776,Thailand       
917,555 White New Avenue,Washington     ,Pennsylvania   ,91292,Guadeloupe     
918,549 Rocky Milton Freeway,Tampa          ,Louisiana      ,14685,Burkina Faso   
919,59 White Clarendon Parkway,Grand Rapids   ,California     ,11084,Angola         
920,422 South Oak Parkway,Dallas         ,New Jersey     ,68551,Tajikistan     
921,10 White Hague Street,Buffalo        ,Alabama        ,77580,Guatemala      
922,178 Milton Blvd.,Tacoma         ,Mississippi    ,77773,Norway         
923,49 Green Second Boulevard,Cincinnati     ,Iowa           ,26338,Czech Republic 
924,42 Oak Street,Jersey         ,Idaho          ,58299,Turkey         
925,95 West Milton Blvd.,Buffalo        ,Maryland       ,18055,Liberia        
926,30 Rocky Old Way,Sacramento     ,New Mexico     ,46262,Togo           
927,637 White Clarendon St.,Austin         ,Arkansas       ,75414,San Marino     
928,522 South Hague Parkway,,Montana        ,49126,Uzbekistan     
929,35 New St.,Stockton       ,Colorado       ,79209,Isle of Man    
930,,San Diego      ,Massachusetts  ,46996,Spain          
931,29 East White Old Way,Atlanta        ,Indiana        ,77672,Singapore      
932,278 First Street,Virginia Beach ,Kansas         ,58599,Angola         
933,307 East Rocky Milton Freeway,Buffalo        ,South Carolina ,10544,Peru           
934,725 Cowley Way,Anchorage      ,Connecticut    ,92144,Belarus        
935,381 Fabien Parkway,Nashville      ,Delaware       ,38638,Singapore      
936,444 Rocky Milton Avenue,Madison        ,Mississippi    ,63168,Paraguay       
937,117 Green Clarendon Blvd.,Dallas         ,Michigan       ,98656,Argentina      
938,328 West Rocky Cowley St.,Los Angeles    ,Ohio           ,23326,Libya          
939,14 Oak St.,Arlington      ,Indiana        ,83143,Angola         
940,89 Hague Road,St. Petersburg ,South Carolina ,94134,Libya          
941,936 White Cowley Blvd.,Bakersfield    ,Nebraska       ,39516,Swaziland      
942,621 Fabien St.,Aurora         ,New Jersey     ,57250,United Kingdom 
943,31 Rocky Oak Boulevard,Little Rock    ,Montana        ,86906,Montenegro     
944,15 New Road,Baton Rouge    ,Kansas         ,84337,Syria          
945,79 Rocky Milton Parkway,,Kansas         ,44825,Luxembourg     
946,577 West Oak Freeway,Tampa          ,Utah           ,60052,Bolivia        
947,64 Cowley Street,Birmingham     ,North Carolina ,36888,Burundi        
948,836 White Fabien Drive,New Orleans    ,New Hampshire  ,29269,Kuwait         
949,402 White First Way,Colorado       ,Idaho          ,12675,Singapore      
950,31 Rocky Second Way,Long Beach     ,Tennessee      ,50985,Qatar          
951,35 Green Oak Street,Washington     ,Oklahoma       ,96380,
952,80 Green Oak Drive,,Mississippi    ,38741,Serbia         
953,744 Clarendon Way,Cleveland      ,New Hampshire  ,29903,Lebanon        
954,571 Rocky First Blvd.,Detroit        ,Alabama        ,46979,Pakistan       
955,882 Green Nobel Drive,Minneapolis    ,Iowa           ,50755,Barbados       
956,142 East Milton Street,Detroit        ,Missouri       ,65499,Uganda         
957,12 Rocky Second Avenue,Baltimore      ,New Jersey     ,37931,Vatican City   
958,540 White Old Blvd.,Arlington      ,Kentucky       ,18195,Eritrea        
959,839 Nobel Way,Akron          ,Tennessee      ,50297,Tanzania       
960,64 Clarendon Avenue,San Antonio    ,Hawaii         ,61248,United States  
961,90 East Green Nobel Boulevard,Stockton       ,Kentucky       ,97391,Bulgaria       
962,765 First Way,Akron          ,Arkansas       ,36442,Monaco         
963,355 Nobel Road,Louisville     ,Oregon         ,49572,Mayotte        
964,352 White Clarendon Way,Bakersfield    ,Tennessee      ,73465,Georgia        
965,873 Nobel Boulevard,Rochester      ,Iowa           ,94962,Réunion        
966,80 Hague Freeway,San Antonio    ,Alaska         ,94875,Eritrea        
967,24 West Green Fabien Blvd.,Boston         ,Nevada         ,53064,Sierra Leone   
968,34 Cowley Blvd.,Phoenix        ,Nebraska       ,27864,Oman           
969,88 Rocky Clarendon St.,,West Virginia  ,26852,Austria        
970,823 Rocky Clarendon Road,Tulsa          ,Nevada         ,,Montenegro     
971,46 East Old Drive,Atlanta        ,Missouri       ,57287,Ukraine        
972,31 Second Parkway,Aurora         ,Arkansas       ,58120,Sudan          
973,524 Green Fabien Way,Raleigh        ,Arkansas       ,77966,Sri Lanka      
974,423 White First Drive,Akron          ,Iowa           ,31542,Bermuda        
975,579 East White New Road,,Arizona        ,16950,Madagascar     
976,615 Rocky Oak Boulevard,Norfolk        ,Michigan       ,39035,Angola         
977,82 Nobel Road,Newark         ,West Virginia  ,30329,Iran           
978,632 First Road,Garland        ,Wyoming        ,90866,Bangladesh     
979,580 South First Road,Lubbock        ,Virginia       ,42001,Guatemala      
980,35 Nobel Parkway,Atlanta        ,Nebraska       ,23473,Iran           
981,60 Fabien Parkway,Colorado       ,Wisconsin      ,58003,Haiti          
982,673 New Blvd.,El Paso        ,Missouri       ,19374,Rwanda         
983,286 Nobel St.,Dayton         ,Iowa           ,56145,Georgia        
984,137 Rocky Nobel St.,Detroit        ,Iowa           ,46451,Cambodia       
985,,Austin         ,Oklahoma       ,38224,Oman           
986,65 White Clarendon Blvd.,Montgomery     ,South Carolina ,50615,Aruba          
987,932 Old Drive,Tacoma         ,Pennsylvania   ,48931,Ghana          
988,964 East Fabien Parkway,Tampa          ,Rhode Island   ,38695,Guadeloupe     
989,85 White Oak Avenue,Grand Rapids   ,Texas          ,63564,Namibia        
990,12 Hague Boulevard,Portland       ,North Dakota   ,51389,Cape Verde     
991,168 West Rocky Second Road,Tacoma         ,Utah           ,73139,Sri Lanka      
992,566 Green Fabien Blvd.,Tulsa          ,Colorado       ,35236,Japan          
993,94 Fabien Parkway,St. Paul       ,Texas          ,90460,Cameroon       
994,87 Green Milton Drive,Denver         ,Arkansas       ,73028,Malvinas       
995,41 East Clarendon Blvd.,San Jose       ,Minnesota      ,31894,Timor-Leste    
996,36 East Rocky Milton Way,Fremont        ,Minnesota      ,96742,Trinidad       
997,65 Second Boulevard,Austin         ,Utah           ,13074,France         
998,818 Green Cowley Street,Glendale       ,North Dakota   ,17677,Nauru          
999,544 Rocky Nobel Street,Dallas         ,Alaska         ,23441,Swaziland      
1000,34 Old Boulevard,Arlington      ,Iowa           ,89375,Mozambique     
