Movie_Id,Person_Id,Role
1,7,Supporting_Actor         
1,15,Supporting_Actor         
1,21,Supporting_Actor         
1,25,Actor                    
1,27,Supporting_Actor         
1,31,Actress                  
1,40,Supporting_Actress       
1,41,Actor                    
1,46,Actress                  
1,47,Actor                    
1,52,Actor                    
1,54,Supporting_Actor         
1,55,Actress                  
1,61,Actor                    
1,69,Actor                    
1,73,Actress                  
1,77,Supporting_Actress       
1,82,Actress                  
1,87,Supporting_Actor         
1,90,Supporting_Actress       
1,91,Actress                  
1,94,Actor                    
1,96,Supporting_Actor         
1,97,Actress                  
1,112,Actress                  
1,121,Actress                  
1,123,Actor                    
1,151,Supporting_Actor         
1,177,Supporting_Actress       
1,179,Actor                    
1,187,Actor                    
1,195,Supporting_Actor         
2,1,Supporting_Actress       
2,2,Supporting_Actor         
2,8,Actress                  
2,13,Actress                  
2,34,Actress                  
2,42,Supporting_Actress       
2,45,Supporting_Actress       
2,56,Supporting_Actress       
2,59,Supporting_Actress       
2,60,Actress                  
2,63,Actress                  
2,93,Supporting_Actress       
2,116,Supporting_Actor         
2,125,Supporting_Actress       
2,128,Supporting_Actor         
2,132,Actor                    
2,139,Supporting_Actress       
2,141,Supporting_Actor         
2,143,Actor                    
2,149,Actor                    
2,157,Supporting_Actor         
2,158,Actor                    
2,159,Supporting_Actor         
2,162,Supporting_Actress       
2,164,Actress                  
2,165,Supporting_Actor         
2,169,Supporting_Actress       
2,184,Supporting_Actor         
2,191,Actress                  
2,199,Actress                  
3,8,Actor                    
3,17,Supporting_Actor         
3,29,Supporting_Actor         
3,37,Actor                    
3,43,Actress                  
3,48,Supporting_Actress       
3,51,Supporting_Actress       
3,68,Supporting_Actor         
3,76,Supporting_Actor         
3,78,Actor                    
3,85,Actress                  
3,98,Supporting_Actress       
3,102,Supporting_Actor         
3,107,Actor                    
3,113,Actor                    
3,122,Supporting_Actress       
3,126,Supporting_Actor         
3,130,Supporting_Actress       
3,153,Actor                    
3,163,Actress                  
3,172,Actress                  
3,178,
3,183,Actor                    
3,188,Supporting_Actress       
3,189,Actress                  
4,16,Actor                    
4,17,Supporting_Actor         
4,24,Supporting_Actress       
4,29,Actress                  
4,35,Actress                  
4,37,Actress                  
4,43,Supporting_Actress       
4,48,Supporting_Actor         
4,51,Actor                    
4,68,Supporting_Actress       
4,76,Supporting_Actress       
4,78,Actor                    
4,88,Supporting_Actress       
4,98,Actor                    
4,102,
4,107,Actress                  
4,113,Supporting_Actress       
4,122,Supporting_Actress       
4,126,Supporting_Actor         
4,130,Actress                  
4,153,Actress                  
4,172,Actress                  
4,178,Supporting_Actor         
4,183,Supporting_Actress       
4,189,Actor                    
5,3,Actress                  
5,10,Supporting_Actress       
5,16,Supporting_Actor         
5,17,Actor                    
5,24,Supporting_Actor         
5,28,Supporting_Actress       
5,29,Supporting_Actor         
5,35,Supporting_Actor         
5,37,Supporting_Actress       
5,43,Actor                    
5,51,Supporting_Actor         
5,53,Supporting_Actress       
5,57,Supporting_Actress       
5,76,Actress                  
5,78,Actress                  
5,80,Actress                  
5,88,Actress                  
5,102,Supporting_Actress       
5,104,Actress                  
5,126,Supporting_Actress       
5,153,Actor                    
5,155,Actress                  
5,172,Actress                  
5,178,Actress                  
5,183,Supporting_Actress       
6,1,Actress                  
6,2,Actress                  
6,7,Supporting_Actor         
6,27,Actor                    
6,40,Supporting_Actor         
6,44,
6,47,Supporting_Actor         
6,54,Actress                  
6,59,Actress                  
6,60,Actress                  
6,63,Supporting_Actor         
6,71,Supporting_Actress       
6,74,Supporting_Actor         
6,75,Supporting_Actor         
6,87,Supporting_Actress       
6,90,Supporting_Actor         
6,93,Actress                  
6,94,Actor                    
6,99,Supporting_Actress       
6,112,Supporting_Actress       
6,116,Supporting_Actress       
6,117,Actress                  
6,121,Supporting_Actor         
6,128,Supporting_Actress       
6,135,Actor                    
6,149,Supporting_Actress       
6,157,Supporting_Actress       
6,168,Supporting_Actor         
6,180,Supporting_Actor         
6,195,Supporting_Actress       
6,199,Supporting_Actress       
7,6,Actress                  
7,9,Supporting_Actress       
7,20,Supporting_Actress       
7,36,Supporting_Actor         
7,38,Actor                    
7,39,Actor                    
7,53,Actor                    
7,62,Actor                    
7,67,Actor                    
7,70,Actress                  
7,72,Actress                  
7,79,Supporting_Actor         
7,103,Actor                    
7,109,Actor                    
7,111,Actress                  
7,114,Actress                  
7,115,Supporting_Actress       
7,119,Supporting_Actress       
7,120,Supporting_Actor         
7,138,Actor                    
7,142,Actor                    
7,145,Actress                  
7,150,Supporting_Actress       
7,154,Actor                    
7,160,Actor                    
7,161,Actor                    
7,182,Actor                    
7,186,Actress                  
7,190,Supporting_Actress       
7,198,Supporting_Actress       
8,9,Actress                  
8,14,Actress                  
8,18,Supporting_Actress       
8,19,Actress                  
8,22,Supporting_Actor         
8,23,Actress                  
8,33,Actor                    
8,39,Actress                  
8,46,Actor                    
8,52,Supporting_Actress       
8,62,Actor                    
8,67,Actress                  
8,70,Actor                    
8,83,Actress                  
8,95,Supporting_Actress       
8,105,Actress                  
8,108,Actor                    
8,109,Actor                    
8,110,Supporting_Actor         
8,114,Actress                  
8,124,Supporting_Actor         
8,127,Supporting_Actor         
8,129,Supporting_Actor         
8,131,Actress                  
8,134,Actor                    
8,146,Actor                    
8,147,Actress                  
8,166,Supporting_Actress       
8,171,Actress                  
8,181,Actress                  
8,185,Actress                  
8,194,Actress                  
9,8,
9,37,Actor                    
9,43,Supporting_Actress       
9,45,Actor                    
9,48,Supporting_Actress       
9,51,Supporting_Actress       
9,68,Supporting_Actor         
9,76,Actor                    
9,85,Supporting_Actor         
9,98,Actor                    
9,102,Supporting_Actress       
9,107,Actress                  
9,113,Actress                  
9,122,Supporting_Actor         
9,125,Supporting_Actress       
9,126,Supporting_Actress       
9,130,Actress                  
9,139,Supporting_Actress       
9,153,Actor                    
9,163,Actress                  
9,172,Supporting_Actress       
9,183,Actor                    
9,188,Actor                    
9,189,Actor                    
9,191,Supporting_Actor         
10,14,Actress                  
10,18,Actor                    
10,19,Actress                  
10,21,Supporting_Actress       
10,22,Actor                    
10,23,Supporting_Actor         
10,33,Supporting_Actress       
10,39,Supporting_Actor         
10,46,Supporting_Actor         
10,52,Actress                  
10,55,Supporting_Actor         
10,62,Supporting_Actress       
10,83,Actor                    
10,95,Supporting_Actor         
10,96,Supporting_Actress       
10,97,Supporting_Actress       
10,105,Actress                  
10,108,Supporting_Actress       
10,110,Supporting_Actor         
10,124,Actor                    
10,127,Supporting_Actress       
10,129,Actress                  
10,131,Supporting_Actor         
10,134,Supporting_Actor         
10,146,Supporting_Actress       
10,147,Supporting_Actress       
10,166,Actor                    
10,171,Actor                    
10,177,Supporting_Actor         
10,181,Actress                  
10,185,Supporting_Actor         
10,194,Supporting_Actress       
11,8,Actor                    
11,13,Actor                    
11,34,Supporting_Actress       
11,42,Supporting_Actor         
11,45,Supporting_Actress       
11,56,Supporting_Actress       
11,59,Supporting_Actor         
11,85,
11,98,Supporting_Actor         
11,107,Supporting_Actor         
11,122,Supporting_Actress       
11,125,Supporting_Actress       
11,130,Supporting_Actress       
11,132,Supporting_Actress       
11,139,Actress                  
11,141,Supporting_Actor         
11,143,Actor                    
11,158,Actor                    
11,159,Actress                  
11,162,Actor                    
11,163,Supporting_Actress       
11,164,Supporting_Actress       
11,165,Actor                    
11,169,Actor                    
11,184,Actor                    
11,188,Supporting_Actress       
11,189,Supporting_Actor         
11,191,Supporting_Actress       
12,8,Actress                  
12,37,Actress                  
12,42,Actress                  
12,43,Supporting_Actor         
12,45,Supporting_Actor         
12,48,Actor                    
12,56,Supporting_Actress       
12,68,Supporting_Actress       
12,76,Supporting_Actor         
12,85,Supporting_Actress       
12,98,Actor                    
12,107,Actress                  
12,113,Actor                    
12,122,Actress                  
12,125,Actor                    
12,126,Supporting_Actress       
12,130,Actress                  
12,139,Actor                    
12,159,Actor                    
12,163,Supporting_Actress       
12,164,Supporting_Actress       
12,183,Actress                  
12,184,Supporting_Actress       
12,188,Supporting_Actor         
12,189,Supporting_Actor         
12,191,Supporting_Actor         
13,6,Actress                  
13,9,Actress                  
13,14,Supporting_Actress       
13,18,Actor                    
13,20,Actor                    
13,33,Actor                    
13,36,Actor                    
13,39,Supporting_Actor         
13,62,Actor                    
13,67,Supporting_Actress       
13,70,Supporting_Actor         
13,79,Actress                  
13,83,Supporting_Actor         
13,95,Supporting_Actress       
13,108,Actress                  
13,109,Supporting_Actor         
13,110,Supporting_Actress       
13,114,Actress                  
13,127,Actor                    
13,131,Actress                  
13,134,Actor                    
13,138,Supporting_Actor         
13,145,Actress                  
13,147,Supporting_Actor         
13,150,Actor                    
13,161,Actress                  
13,166,
13,171,Supporting_Actor         
13,181,Actor                    
13,185,Actor                    
13,186,Actor                    
13,198,Actor                    
14,15,Actress                  
14,19,Actress                  
14,21,Supporting_Actor         
14,22,Actor                    
14,23,Actor                    
14,25,Supporting_Actor         
14,31,Supporting_Actor         
14,41,Supporting_Actor         
14,46,Actor                    
14,52,Actor                    
14,55,Actress                  
14,61,Supporting_Actress       
14,69,Actor                    
14,73,Actress                  
14,77,Supporting_Actress       
14,82,
14,83,Actress                  
14,90,Actor                    
14,91,Actor                    
14,96,Actor                    
14,97,Actress                  
14,105,Supporting_Actress       
14,123,Supporting_Actress       
14,124,Supporting_Actor         
14,129,Actress                  
14,134,Supporting_Actor         
14,146,Supporting_Actor         
14,151,Supporting_Actor         
14,177,Actor                    
14,179,Actress                  
14,187,Actress                  
14,194,Actress                  
15,14,Actor                    
15,18,Supporting_Actress       
15,19,Supporting_Actor         
15,21,Supporting_Actor         
15,22,Supporting_Actor         
15,23,Actress                  
15,33,Supporting_Actor         
15,46,Supporting_Actor         
15,52,Supporting_Actress       
15,55,Supporting_Actress       
15,69,Actor                    
15,83,Supporting_Actress       
15,91,Actor                    
15,95,Actor                    
15,96,Supporting_Actress       
15,97,Supporting_Actress       
15,105,Actor                    
15,108,Actor                    
15,110,Supporting_Actress       
15,124,Supporting_Actress       
15,129,
15,131,Actress                  
15,134,Actor                    
15,146,Actress                  
15,147,Supporting_Actress       
15,151,Actor                    
15,177,Actor                    
15,179,Supporting_Actor         
15,181,Actor                    
15,185,Supporting_Actor         
15,187,Supporting_Actor         
15,194,Actor                    
16,8,Actress                  
16,13,Actor                    
16,34,Supporting_Actress       
16,42,Actress                  
16,45,Actress                  
16,56,Actress                  
16,59,Actress                  
16,60,Supporting_Actor         
16,63,Supporting_Actress       
16,85,Supporting_Actress       
16,93,Supporting_Actor         
16,125,Actress                  
16,128,Actress                  
16,130,Actor                    
16,132,Supporting_Actor         
16,139,Actress                  
16,141,Actor                    
16,143,Actor                    
16,149,Supporting_Actress       
16,158,Supporting_Actress       
16,159,Supporting_Actor         
16,162,Actor                    
16,163,Actress                  
16,164,Supporting_Actress       
16,165,Actor                    
16,169,Supporting_Actor         
16,184,Supporting_Actress       
16,188,Supporting_Actress       
16,191,Actress                  
17,3,Actor                    
17,10,Actress                  
17,16,Supporting_Actress       
17,17,Actress                  
17,24,Supporting_Actress       
17,29,Actress                  
17,35,Supporting_Actor         
17,37,Supporting_Actress       
17,43,Supporting_Actor         
17,48,Actress                  
17,51,Supporting_Actress       
17,68,Supporting_Actor         
17,76,Supporting_Actor         
17,78,Actress                  
17,80,Supporting_Actor         
17,88,Supporting_Actress       
17,98,Supporting_Actor         
17,102,Actress                  
17,113,Supporting_Actor         
17,126,Supporting_Actor         
17,153,Supporting_Actor         
17,155,Actress                  
17,172,Supporting_Actress       
17,178,Supporting_Actress       
17,183,Supporting_Actress       
18,6,Actress                  
18,20,Actor                    
18,28,Actress                  
18,36,Actress                  
18,38,Supporting_Actress       
18,53,Actress                  
18,57,Actor                    
18,70,Actress                  
18,72,Supporting_Actress       
18,79,Actress                  
18,80,Actress                  
18,103,Supporting_Actor         
18,104,Actress                  
18,109,Actress                  
18,111,Actor                    
18,115,Supporting_Actress       
18,119,Supporting_Actor         
18,120,Supporting_Actor         
18,138,Actress                  
18,142,Actress                  
18,145,Actor                    
18,150,Actress                  
18,154,Actor                    
18,160,Actress                  
18,161,Supporting_Actor         
18,182,Supporting_Actress       
18,186,Supporting_Actress       
18,190,Actress                  
18,198,Supporting_Actor         
19,6,Actress                  
19,9,Actor                    
19,20,Supporting_Actor         
19,36,Supporting_Actor         
19,38,Actress                  
19,39,Supporting_Actor         
19,62,Actress                  
19,67,Actress                  
19,70,Supporting_Actor         
19,79,Supporting_Actor         
19,103,Actor                    
19,109,Supporting_Actor         
19,110,Supporting_Actress       
19,111,Actor                    
19,114,Actor                    
19,120,Actress                  
19,127,Actress                  
19,138,Supporting_Actor         
19,142,Supporting_Actress       
19,145,Supporting_Actor         
19,150,Actress                  
19,154,Supporting_Actor         
19,160,Actor                    
19,161,Supporting_Actor         
19,166,Supporting_Actress       
19,171,Actress                  
19,182,Supporting_Actor         
19,185,Actor                    
19,186,Actress                  
19,190,Supporting_Actress       
19,198,Actor                    
20,1,Actress                  
20,2,Actor                    
20,7,Actor                    
20,25,Actress                  
20,27,Actor                    
20,40,Supporting_Actor         
20,41,Supporting_Actress       
20,44,Actress                  
20,47,Actor                    
20,54,Actress                  
20,71,
20,74,Supporting_Actor         
20,75,Supporting_Actor         
20,77,Supporting_Actor         
20,82,Supporting_Actor         
20,87,Supporting_Actress       
20,90,Supporting_Actress       
20,94,Actor                    
20,99,Supporting_Actor         
20,112,Actor                    
20,116,Supporting_Actor         
20,117,Supporting_Actress       
20,121,Supporting_Actress       
20,123,Actor                    
20,128,Supporting_Actress       
20,135,Actor                    
20,157,Actress                  
20,168,Supporting_Actor         
20,180,Supporting_Actress       
20,195,Actor                    
20,199,Supporting_Actress       
21,14,Actress                  
21,15,Supporting_Actor         
21,18,Actor                    
21,19,Supporting_Actor         
21,21,Supporting_Actress       
21,22,Actress                  
21,23,Actress                  
21,31,Actress                  
21,46,Supporting_Actor         
21,52,Supporting_Actress       
21,55,Supporting_Actor         
21,61,Supporting_Actress       
21,69,Actor                    
21,73,Actress                  
21,83,Actor                    
21,91,Supporting_Actress       
21,95,Supporting_Actor         
21,96,Actress                  
21,97,Supporting_Actor         
21,105,Supporting_Actress       
21,123,Actress                  
21,124,Supporting_Actress       
21,129,Supporting_Actress       
21,131,Actor                    
21,134,Supporting_Actor         
21,146,Actor                    
21,151,Actress                  
21,177,Supporting_Actor         
21,179,Actor                    
21,181,Actress                  
21,187,Supporting_Actor         
21,194,Actress                  
22,3,Actress                  
22,10,Actor                    
22,16,Supporting_Actor         
22,17,Supporting_Actress       
22,24,Actress                  
22,28,Supporting_Actor         
22,29,Supporting_Actor         
22,35,Actor                    
22,51,Actress                  
22,53,Role                     
22,57,Supporting_Actress       
22,72,Actress                  
22,78,Actress                  
22,80,Supporting_Actor         
22,88,Actress                  
22,102,Supporting_Actress       
22,104,Actress                  
22,115,
22,119,Supporting_Actress       
22,126,Supporting_Actress       
22,153,Supporting_Actress       
22,155,Supporting_Actor         
22,172,Actor                    
22,178,Supporting_Actor         
22,190,Actor                    
23,8,Supporting_Actress       
23,13,Supporting_Actress       
23,42,Supporting_Actor         
23,45,Actor                    
23,48,Supporting_Actress       
23,56,Supporting_Actor         
23,68,Supporting_Actor         
23,85,Actor                    
23,98,Actor                    
23,107,Actress                  
23,113,Actress                  
23,122,Supporting_Actress       
23,125,Supporting_Actress       
23,130,Actor                    
23,132,Actor                    
23,139,Actress                  
23,141,Actor                    
23,158,Supporting_Actor         
23,159,Actor                    
23,163,Actor                    
23,164,Supporting_Actor         
23,169,Supporting_Actor         
23,183,Actor                    
23,184,Actor                    
23,188,Supporting_Actress       
23,189,Actor                    
23,191,Actor                    
24,1,Actor                    
24,2,Supporting_Actor         
24,7,Supporting_Actress       
24,34,Supporting_Actor         
24,40,Actress                  
24,44,Actress                  
24,47,Actor                    
24,54,Actor                    
24,59,Supporting_Actor         
24,60,Supporting_Actor         
24,63,Supporting_Actor         
24,71,Supporting_Actor         
24,74,Supporting_Actress       
24,75,Actor                    
24,87,Supporting_Actor         
24,93,Actor                    
24,99,Actor                    
24,116,Actress                  
24,117,Supporting_Actor         
24,128,Actor                    
24,135,Supporting_Actress       
24,143,Actress                  
24,149,Actress                  
24,157,Actor                    
24,158,Supporting_Actor         
24,162,Supporting_Actor         
24,165,Supporting_Actor         
24,168,Actress                  
24,180,Actress                  
24,195,Supporting_Actress       
24,199,Supporting_Actor         
25,3,Actor                    
25,10,Supporting_Actress       
25,16,Actress                  
25,17,Supporting_Actress       
25,24,Supporting_Actress       
25,28,Supporting_Actress       
25,29,Actress                  
25,35,Supporting_Actor         
25,53,Supporting_Actress       
25,57,Supporting_Actor         
25,72,Supporting_Actor         
25,78,Actor                    
25,80,Actor                    
25,88,Supporting_Actress       
25,102,Actor                    
25,103,Supporting_Actor         
25,104,Actress                  
25,115,Supporting_Actress       
25,119,Supporting_Actress       
25,120,Supporting_Actor         
25,142,Actor                    
25,154,Supporting_Actor         
25,155,Supporting_Actress       
25,160,Actor                    
25,178,Supporting_Actor         
25,190,Supporting_Actress       
26,3,Supporting_Actor         
26,6,Actor                    
26,10,Supporting_Actress       
26,20,Supporting_Actor         
26,28,Actress                  
26,35,Actor                    
26,36,Supporting_Actor         
26,38,Actress                  
26,53,Supporting_Actor         
26,57,Supporting_Actor         
26,72,Actress                  
26,80,Supporting_Actor         
26,103,Supporting_Actor         
26,104,Supporting_Actress       
26,111,Supporting_Actor         
26,115,Actress                  
26,119,Supporting_Actress       
26,120,Supporting_Actress       
26,142,Supporting_Actress       
26,145,Actor                    
26,150,Actor                    
26,154,Supporting_Actress       
26,155,Actor                    
26,160,Supporting_Actress       
26,161,Actress                  
26,182,Actress                  
26,190,Supporting_Actress       
26,198,Actor                    
27,1,Actor                    
27,2,Supporting_Actor         
27,7,Actress                  
27,13,Actor                    
27,34,Actress                  
27,44,Supporting_Actor         
27,59,Actress                  
27,60,Supporting_Actress       
27,63,Actor                    
27,71,Supporting_Actor         
27,74,Actress                  
27,75,Supporting_Actress       
27,93,Actor                    
27,99,Actress                  
27,116,Supporting_Actor         
27,117,Actor                    
27,128,Actor                    
27,132,Actor                    
27,135,Supporting_Actor         
27,141,Actor                    
27,143,Supporting_Actress       
27,149,Actress                  
27,157,Supporting_Actress       
27,158,Actress                  
27,162,Actor                    
27,164,Actor                    
27,165,Supporting_Actress       
27,168,Supporting_Actor         
27,169,Supporting_Actress       
27,180,Actor                    
27,199,Actor                    
28,3,Actor                    
28,10,Supporting_Actress       
28,16,Supporting_Actor         
28,17,Supporting_Actress       
28,24,Supporting_Actor         
28,28,Actress                  
28,35,Actress                  
28,38,Actor                    
28,53,Supporting_Actress       
28,57,Supporting_Actor         
28,72,Actress                  
28,80,Actor                    
28,88,Actor                    
28,103,Actor                    
28,104,Actress                  
28,111,Actress                  
28,115,Actress                  
28,119,Actress                  
28,120,Supporting_Actor         
28,142,Supporting_Actress       
28,145,Actor                    
28,154,Supporting_Actor         
28,155,Supporting_Actor         
28,160,Supporting_Actor         
28,161,Supporting_Actress       
28,182,Actor                    
28,190,Supporting_Actor         
29,7,Actress                  
29,15,Supporting_Actress       
29,25,Actress                  
29,27,Actor                    
29,31,Supporting_Actress       
29,40,Actor                    
29,41,Supporting_Actress       
29,44,Supporting_Actress       
29,47,Actress                  
29,54,Supporting_Actress       
29,55,Actor                    
29,61,Supporting_Actor         
29,69,Supporting_Actor         
29,73,Supporting_Actress       
29,75,Supporting_Actress       
29,77,Supporting_Actor         
29,82,Actress                  
29,87,Actress                  
29,90,Supporting_Actor         
29,91,Supporting_Actress       
29,94,Actress                  
29,112,Supporting_Actress       
29,117,Actor                    
29,121,Supporting_Actor         
29,123,Supporting_Actor         
29,151,Actor                    
29,168,Supporting_Actor         
29,177,Supporting_Actor         
29,179,Supporting_Actress       
29,180,Supporting_Actress       
29,187,Supporting_Actor         
29,195,Supporting_Actor         
30,1,Actor                    
30,2,Actress                  
30,13,Supporting_Actress       
30,34,Supporting_Actor         
30,42,Supporting_Actress       
30,56,Supporting_Actor         
30,59,Actor                    
30,60,Actor                    
30,63,Actor                    
30,71,Supporting_Actress       
30,74,Actress                  
30,93,Actress                  
30,99,Actress                  
30,116,Supporting_Actor         
30,128,Actor                    
30,132,Actress                  
30,135,Supporting_Actor         
30,141,Actress                  
30,143,Actor                    
30,149,Supporting_Actress       
30,157,Supporting_Actor         
30,158,Supporting_Actor         
30,159,Actress                  
30,162,Actor                    
30,164,Supporting_Actress       
30,165,Actor                    
30,168,Actor                    
30,169,Actress                  
30,184,Actress                  
30,191,Actor                    
30,199,Supporting_Actor         
31,7,Actor                    
31,15,Actor                    
31,25,Supporting_Actress       
31,27,Actor                    
31,31,Actress                  
31,40,Actress                  
31,41,Supporting_Actress       
31,44,Actor                    
31,47,Actor                    
31,54,Actor                    
31,61,Supporting_Actress       
31,71,Actress                  
31,73,Supporting_Actor         
31,74,Supporting_Actor         
31,75,Actor                    
31,77,Actress                  
31,82,Actress                  
31,87,Supporting_Actress       
31,90,Actress                  
31,91,Actress                  
31,94,Actor                    
31,99,Actor                    
31,112,Actress                  
31,117,Supporting_Actress       
31,121,Supporting_Actor         
31,123,Actor                    
31,135,Supporting_Actor         
31,151,Actor                    
31,168,Supporting_Actress       
31,180,Supporting_Actor         
31,195,Actor                    
31,199,Supporting_Actress       
32,6,Supporting_Actress       
32,9,Actor                    
32,20,Supporting_Actor         
32,33,Actress                  
32,36,Actress                  
32,38,Actress                  
32,39,Supporting_Actress       
32,62,Supporting_Actor         
32,67,Supporting_Actor         
32,70,Actor                    
32,79,Supporting_Actress       
32,95,Actor                    
32,108,Supporting_Actor         
32,109,Supporting_Actress       
32,110,Actress                  
32,111,Supporting_Actress       
32,114,Supporting_Actor         
32,120,
32,127,Supporting_Actress       
32,138,Supporting_Actress       
32,142,Supporting_Actress       
32,145,Supporting_Actor         
32,147,Actress                  
32,150,Actress                  
32,161,Supporting_Actor         
32,166,Actor                    
32,171,Actor                    
32,181,Supporting_Actor         
32,182,Supporting_Actor         
32,185,Actor                    
32,186,Supporting_Actress       
32,198,Actor                    
33,15,Supporting_Actress       
33,19,Actor                    
33,21,Actress                  
33,22,Supporting_Actor         
33,25,Supporting_Actress       
33,27,Supporting_Actress       
33,31,Supporting_Actress       
33,41,Supporting_Actor         
33,46,Supporting_Actress       
33,52,Supporting_Actress       
33,55,Actress                  
33,61,Supporting_Actress       
33,69,Actress                  
33,73,Supporting_Actor         
33,77,Actor                    
33,82,Actor                    
33,90,Actor                    
33,91,Actress                  
33,94,Supporting_Actor         
33,96,Actress                  
33,97,Supporting_Actress       
33,112,Actress                  
33,121,Actress                  
33,123,Actor                    
33,124,Actress                  
33,146,Actor                    
33,151,Actor                    
33,177,Supporting_Actor         
33,179,Supporting_Actor         
33,187,Supporting_Actor         
33,194,Supporting_Actor         
33,195,Supporting_Actress       
34,6,Supporting_Actress       
34,9,Actor                    
34,14,Actor                    
34,18,Supporting_Actress       
34,22,Actress                  
34,23,Actress                  
34,33,Supporting_Actor         
34,39,Supporting_Actor         
34,62,Actress                  
34,67,Actor                    
34,70,Actor                    
34,79,Actress                  
34,83,Supporting_Actress       
34,95,Actress                  
34,105,Actress                  
34,108,Actress                  
34,109,Actress                  
34,110,Supporting_Actress       
34,114,Supporting_Actress       
34,127,Supporting_Actress       
34,129,Supporting_Actor         
34,131,Actor                    
34,134,
34,138,
34,147,Actor                    
34,150,Actor                    
34,166,Actor                    
34,171,Supporting_Actor         
34,181,Supporting_Actress       
34,185,Supporting_Actor         
34,186,Supporting_Actor         
34,194,Actor                    
