Person_Id,Gender,Birth_City,First_Name,Last_Name,Birth_Country,Date_of_Birth
1,Male    ,Kauman              ,Benjamin       ,Harper         ,Indonesia           ,3/12/2007
2,Female  ,Pondokrejo Wetan    ,Catherine      ,Fowler         ,Indonesia           ,11/10/1987
3,Female  ,Nuga                ,Debra          ,Lane           ,Mongolia            ,12/29/1968
6,Female  ,Zhili               ,Sarah          ,Davis          ,China               ,9/4/1975
7,Male    ,Santander           ,Roger          ,Bailey         ,Spain               ,7/27/1987
8,Male    ,Battle Creek        ,Russell        ,Marshall       ,United States       ,4/24/1992
9,Female  ,Itabaianinha        ,Mildred        ,Montgomery     ,Brazil              ,12/20/1954
10,Female  ,Santa Maria         ,Lori           ,Banks          ,Mexico              ,8/25/1999
13,Female  ,Riti                ,Melissa        ,Hicks          ,Nigeria             ,12/25/1962
14,Female  ,Punta Arenas        ,Linda          ,Richards       ,Chile               ,3/24/2003
15,Male    ,Chigasaki           ,Walter         ,Collins        ,Japan               ,2/4/1986
16,Male    ,Si Satchanalai      ,Ryan           ,Hughes         ,Thailand            ,6/10/2007
17,Female  ,Luqa                ,Alice          ,Murphy         ,Malta               ,7/3/1983
18,Male    ,Ventanas            ,Louis          ,Nichols        ,Ecuador             ,2/24/1974
19,Male    ,Columbia            ,Phillip        ,Lewis          ,United States       ,12/24/1990
20,Male    ,Yuxi                ,Bobby          ,Gutierrez      ,China               ,3/3/1953
21,Female  ,Xiaojiang           ,Teresa         ,Perkins        ,China               ,2/6/1960
22,Male    ,Gennevilliers       ,Randy          ,Carter         ,France              ,1/13/1998
23,Male    ,Suponevo            ,Joe            ,Boyd           ,Russia              ,9/6/1959
24,Male    ,Dasheng             ,Paul           ,Sims           ,China               ,3/5/1985
25,Female  ,Curitibanos         ,Deborah        ,Martin         ,Brazil              ,3/25/1955
27,Female  ,Boavista            ,Kathleen       ,Harvey         ,Portugal            ,4/23/1992
28,Male    ,Pasirjaya           ,Billy          ,Martinez       ,Indonesia           ,1/7/1979
29,Female  ,Reshui              ,Sarah          ,Garza          ,China               ,12/1/1988
31,Male    ,Dumandesa           ,Matthew        ,Jones          ,Indonesia           ,3/14/2001
33,Male    ,Mloko               ,David          ,Hamilton       ,Indonesia           ,10/23/1966
34,Male    ,Hicksville          ,Jerry          ,Gutierrez      ,United States       ,3/14/1990
35,Male    ,Albany              ,Billy          ,Reid           ,United States       ,12/23/2001
36,Male    ,Zarszyn             ,Gerald         ,Vasquez        ,Poland              ,10/23/1975
37,Female  ,Al Qurayn           ,Karen          ,Bailey         ,Egypt               ,9/6/1976
38,Female  ,Guaitarilla         ,Mary           ,Gray           ,Colombia            ,4/17/1970
39,Male    ,Karangbaru          ,Phillip        ,Gordon         ,Indonesia           ,8/4/1981
40,Female  ,Zeerust             ,Andrea         ,Armstrong      ,South Africa        ,12/20/1969
41,Male    ,Ananea              ,Bruce          ,Alvarez        ,Peru                ,2/8/1968
42,Female  ,Santa Rosa          ,Amy            ,Payne          ,Peru                ,5/4/1961
43,Female  ,Stochov             ,Nancy          ,Kennedy        ,Czech Republic      ,5/25/1958
44,Female  ,Bang Lamung         ,Susan          ,Lynch          ,Thailand            ,3/20/1981
45,Female  ,Kiarajangkung       ,Kimberly       ,Black          ,Indonesia           ,3/4/2007
46,Male    ,Majiang             ,Harry          ,Gonzales       ,China               ,3/2/1956
47,Female  ,Shijie              ,Ashley         ,Spencer        ,China               ,2/6/1991
48,Female  ,Toshbuloq           ,Denise         ,West           ,Uzbekistan          ,5/18/1953
51,Female  ,Qiryat Motzkin      ,Judy           ,Palmer         ,Israel              ,12/26/1962
52,Male    ,Guangsheng          ,Aaron          ,Frazier        ,China               ,8/8/1987
53,Male    ,Yanfolila           ,Steven         ,Ross           ,Mali                ,11/25/1956
54,Female  ,Zuru                ,Lori           ,Baker          ,Nigeria             ,3/16/1976
55,Male    ,Pengulu             ,Howard         ,Mendoza        ,Indonesia           ,9/17/1990
56,Male    ,Beja                ,Dennis         ,Chapman        ,Portugal            ,3/10/1989
57,Female  ,Gandapura           ,Cheryl         ,Diaz           ,Indonesia           ,8/5/1983
59,Male    ,Wangdian            ,Joseph         ,Kelly          ,China               ,12/12/1988
60,Male    ,Canmang             ,Kenneth        ,Cox            ,China               ,6/26/1964
61,Female  ,Marseille           ,Anne           ,Ramirez        ,France              ,3/22/1971
62,Male    ,Sierpc              ,Brandon        ,Wright         ,Poland              ,1/19/1999
63,Male    ,Lianyi              ,John           ,Garrett        ,China               ,7/16/1995
67,Male    ,Bernal              ,Terry          ,Graham         ,Peru                ,8/29/1980
68,Male    ,Aginskoye           ,Carl           ,Arnold         ,Russia              ,3/24/1966
69,Male    ,Sorongan            ,Antonio        ,Ramirez        ,Indonesia           ,11/19/1967
70,Male    ,Karanglo            ,Roger          ,Carroll        ,Indonesia           ,11/3/1961
71,Female  ,Orlu                ,Deborah        ,Gardner        ,Nigeria             ,1/29/1988
72,Female  ,Stoszowice          ,Rose           ,Brooks         ,Poland              ,6/22/1982
73,Female  ,Alastaro            ,Frances        ,Ramirez        ,Finland             ,10/5/1973
74,Female  ,Peoria              ,Andrea         ,Hall           ,United States       ,2/11/1955
75,Female  ,Ban Talat Yai       ,Beverly        ,Ramirez        ,Thailand            ,12/28/1960
76,Female  ,Morelos             ,Cheryl         ,Simpson        ,Mexico              ,11/3/1976
77,Male    ,Lopar               ,Edward         ,Johnston       ,Croatia             ,4/20/1994
78,Female  ,Sanyi               ,Laura          ,Duncan         ,China               ,12/8/1985
79,Female  ,Pakapasan Ilir      ,Melissa        ,Reid           ,Indonesia           ,7/4/1957
80,Male    ,Shouxihu            ,Christopher    ,Austin         ,China               ,6/21/1990
82,Male    ,Krasnapollye        ,Samuel         ,Chapman        ,Belarus             ,5/26/1968
83,Female  ,Bykov               ,Lori           ,Bailey         ,Russia              ,10/23/1965
85,Female  ,Limatambo           ,Kimberly       ,Frazier        ,Peru                ,8/2/1985
87,Female  ,Pembroke            ,Jessica        ,King           ,Malta               ,12/14/1979
88,Female  ,Kolonnawa           ,Sharon         ,Carroll        ,Sri Lanka           ,12/4/1960
90,Male    ,Terawas             ,Phillip        ,Griffin        ,Indonesia           ,11/13/1994
91,Female  ,Caohe               ,Robin          ,Evans          ,China               ,7/30/1976
93,Female  ,Zhangcun            ,Susan          ,Gutierrez      ,China               ,10/18/1984
94,Male    ,Atlanta             ,Roger          ,Payne          ,United States       ,3/29/2000
95,Male    ,Magallon Cadre      ,Justin         ,Hansen         ,Philippines         ,9/17/1957
96,Male    ,Murcki              ,Jonathan       ,Taylor         ,Poland              ,2/13/1975
97,Male    ,San Julian          ,Ernest         ,Jackson        ,Bolivia             ,9/17/1965
98,Male    ,Guhua               ,Jerry          ,Kelly          ,China               ,6/29/1963
99,Male    ,Hualongyan          ,Anthony        ,Cunningham     ,China               ,8/14/1985
102,Male    ,Rajhrad             ,Steven         ,Johnson        ,Czech Republic      ,8/11/1959
103,Female  ,Anjiang             ,Amy            ,Carroll        ,China               ,1/11/1966
104,Female  ,Barrancas           ,Donna          ,Stephens       ,Colombia            ,4/28/1964
105,Male    ,Kurkino             ,Joshua         ,Richardson     ,Russia              ,6/18/1958
107,Male    ,Macklin             ,Matthew        ,Knight         ,Canada              ,3/29/1979
108,Female  ,Santana do Ipanema  ,Shirley        ,Armstrong      ,Brazil              ,1/20/1994
109,Female  ,Hamilton            ,Jean           ,Fisher         ,Bermuda             ,4/22/1997
110,Female  ,Parrita             ,Sarah          ,Schmidt        ,Costa Rica          ,11/17/1954
111,Male    ,Sokoto              ,Nicholas       ,Cox            ,Nigeria             ,6/16/2001
112,Male    ,Sparwood            ,Ryan           ,Rice           ,Canada              ,7/21/2004
113,Female  ,Pamupukan           ,Elizabeth      ,Rogers         ,Indonesia           ,2/20/2001
114,Male    ,Vinha               ,Steve          ,Riley          ,Portugal            ,9/12/1977
115,Male    ,Aroeira             ,Juan           ,Miller         ,Portugal            ,5/29/1990
116,Female  ,Rongxi              ,Ruby           ,Powell         ,China               ,12/27/1988
117,Female  ,Dasha               ,Lillian        ,Kelley         ,China               ,5/21/2000
119,Male    ,Nansha              ,Ryan           ,Alexander      ,China               ,2/22/1994
120,Female  ,Seattle             ,Lois           ,Williams       ,United States       ,4/20/2001
121,Male    ,Banjar Kajanan      ,Gregory        ,Walker         ,Indonesia           ,12/19/1978
122,Female  ,Bela-Bela           ,Nicole         ,Lopez          ,South Africa        ,9/13/1971
123,Female  ,Sim                 ,Ashley         ,Cox            ,Russia              ,3/30/1953
124,Female  ,San Isidro          ,Sandra         ,Harrison       ,Philippines         ,10/16/1973
125,Female  ,Pak Phli            ,Tina           ,Fisher         ,Thailand            ,10/13/1970
126,Female  ,Surcubamba          ,Angela         ,Williamson     ,Peru                ,5/12/1956
127,Female  ,Dschang             ,Kelly          ,Gibson         ,Cameroon            ,7/14/1992
128,Male    ,Kutampi             ,Martin         ,Garza          ,Indonesia           ,4/19/1963
129,Female  ,Martapura           ,Diane          ,Stanley        ,Indonesia           ,3/8/1957
130,Male    ,Tullinge            ,Arthur         ,Wilson         ,Sweden              ,12/17/1971
131,Male    ,Glencoe             ,Jeremy         ,Torres         ,South Africa        ,11/11/2003
132,Female  ,Motong              ,Donna          ,Ferguson       ,Indonesia           ,12/26/1973
134,Female  ,Anahuac             ,Nicole         ,Cole           ,Mexico              ,9/21/1994
135,Male    ,Pontevedra          ,Thomas         ,Taylor         ,Spain               ,5/14/1975
138,Female  ,Oematnunu           ,Elizabeth      ,Bradley        ,Indonesia           ,12/26/1971
139,Female  ,Matou               ,Dorothy        ,Banks          ,China               ,2/21/1996
141,Female  ,Gar                 ,Andrea         ,Kelley         ,China               ,7/4/2003
142,Female  ,Malpique            ,Stephanie      ,Ruiz           ,Portugal            ,12/17/2002
143,Male    ,Banjar Tegal Belodan,Justin         ,Green          ,Indonesia           ,7/8/1965
145,Female  ,Stamboliyski        ,Anne           ,Jones          ,Bulgaria            ,11/2/1988
146,Male    ,San Juan            ,Eric           ,Wood           ,Mexico              ,9/12/1959
147,Male    ,Kandete             ,Jose           ,Hall           ,Tanzania            ,6/15/1971
149,Female  ,Almaguer North      ,Cynthia        ,Armstrong      ,Philippines         ,2/28/2001
150,Male    ,Nikulino            ,Charles        ,Harper         ,Russia              ,7/10/1966
151,Female  ,Bhamdoun            ,Mildred        ,Johnson        ,Lebanon             ,5/9/1972
153,Male    ,Helsingborg         ,Roger          ,Fowler         ,Sweden              ,1/11/1989
154,Female  ,Medvedevo           ,Nicole         ,Coleman        ,Russia              ,10/23/1986
155,Male    ,Santa Maria         ,Edward         ,Bradley        ,Mexico              ,3/24/1991
157,Female  ,Gunungputri         ,Cynthia        ,Johnston       ,Indonesia           ,6/18/1957
158,Female  ,Carpentras          ,Christine      ,Johnston       ,France              ,8/4/1995
159,Female  ,Huacho              ,Ruby           ,Bowman         ,Peru                ,5/30/1992
160,Female  ,Nowa Sarzyna        ,Katherine      ,Gray           ,Poland              ,2/6/1959
161,Male    ,Cincinnati          ,Nicholas       ,Moreno         ,United States       ,5/30/1964
162,Female  ,Yanmen              ,Nancy          ,Williams       ,China               ,2/25/2004
163,Male    ,Santo Tomas         ,Larry          ,Weaver         ,Philippines         ,1/5/2002
164,Male    ,Guararema           ,Christopher    ,Cole           ,Brazil              ,4/1/1963
165,Male    ,Niverville          ,Mark           ,Ferguson       ,Canada              ,10/29/1964
166,Male    ,Lexington           ,Juan           ,Fisher         ,United States       ,10/28/1996
168,Male    ,Dongkan             ,Harold         ,Mcdonald       ,China               ,9/2/1962
169,Female  ,Yanmenguan          ,Alice          ,Collins        ,China               ,10/16/1979
171,Female  ,Gudang              ,Virginia       ,Lynch          ,Indonesia           ,3/2/2003
172,Male    ,Beaumont            ,Nicholas       ,Gilbert        ,Canada              ,1/21/1975
177,Male    ,Cerca la Source     ,Wayne          ,Matthews       ,Haiti               ,2/4/1975
178,Male    ,Wanlongshan         ,Russell        ,Reed           ,China               ,6/11/2001
179,Female  ,Charat              ,Sandra         ,Sanchez        ,Peru                ,11/21/1988
180,Female  ,Minneapolis         ,Irene          ,Mendoza        ,United States       ,4/16/1991
181,Male    ,Gapyeong            ,Martin         ,Mccoy          ,South Korea         ,11/1/1962
182,Female  ,Mikulintsy          ,Pamela         ,Hunter         ,Ukraine             ,10/10/1978
183,Female  ,El Carmen           ,Jessica        ,Gonzalez       ,Colombia            ,9/18/1958
184,Male    ,Pirava              ,Gregory        ,Hansen         ,Macedonia           ,4/7/2002
185,Female  ,Ilembula            ,Cynthia        ,Wilson         ,Tanzania            ,6/25/1993
186,Female  ,Washington          ,Janet          ,Marshall       ,United States       ,6/4/2005
187,Male    ,Cidade Velha        ,Mark           ,Perkins        ,Cape Verde          ,8/17/1981
188,Female  ,Sumuragung          ,Mary           ,Powell         ,Indonesia           ,6/18/1965
189,Male    ,Tarragona           ,Jason          ,Andrews        ,Spain               ,4/9/1972
190,Female  ,Sindangsari         ,Ruth           ,Reed           ,Indonesia           ,4/1/1953
191,Male    ,Chucatamani         ,Shawn          ,Reyes          ,Peru                ,1/30/1960
194,Male    ,Datar               ,Todd           ,Coleman        ,Indonesia           ,4/9/1960
195,Female  ,Ponggok             ,Cynthia        ,Williamson     ,Indonesia           ,6/6/2006
198,Female  ,Sharan              ,Marie          ,Mills          ,Russia              ,5/2/1975
199,Male    ,Fonte               ,Mark           ,Peterson       ,Portugal            ,9/22/1958
