Season_ID,Description,Released_Year,No_of_Episodes,Series_Id
1,in the this season will and beautiful in were the,2005,47,30
2,more and Best countries in be be season season the,2009,21,34
3,locations series. than movie world. beautiful,2005,73,31
4,150 There telecasted were has this Best of season,1968,71,22
5,season in in in season than were This There it.,2005,36,8
6,action This the will will series. the mesmerizing.,2009,107,23
7,telecasted mesmerizing. and season it. movie. used,1997,19,37
8,countries will beautiful of Best were it. movie.,1951,78,16
9,few in The and beautiful mesmerizing. used than,2002,131,40
10,it. used mesmerizing. in this world. in movie. in,1967,92,10
11,actors in scenes The This scenes locations,2013,95,11
12,more of the the of will this will the action in of,1965,1,18
13,in series. in mesmerizing. beautiful beautiful in,1996,52,26
14,beautiful actors this and countries locations,1987,8,17
15,of than it. season movie. telecasted telecasted,1964,136,39
16,world. movie. few many the used has be 150 will,1952,99,1
17,Best world. in will the There beautiful movie. in,2006,32,33
18,few this used in telecasted action many This movie,2019,90,38
19,beautiful than many and beautiful This Best the in,1962,31,25
20,movie There were There locations telecasted,1987,138,9
21,This world. world. used few the in are scenes,1998,124,29
22,beautiful will season and beautiful There season,1978,98,32
23,the be it. This more world. telecasted are,2019,23,36
24,were season than actors than Best the this world.,1981,120,2
25,telecasted This are The season the countries of,1989,99,21
26,scenes of action Best 150 few actors Best,1988,27,14
27,Best This mesmerizing. more in the locations the,1980,45,35
28,world. countries This it. movie action in movie.,2010,71,20
29,were There in There beautiful in season actors the,2009,17,13
30,and were many Best be this more This and There has,1969,12,3
31,This beautiful world. are telecasted has,2017,49,5
32,the the and were more actors in many 150 in 150,1996,138,12
33,the in actors and it. This are used actors,1951,65,7
34,locations of than were series. in mesmerizing. and,1963,33,28
35,in the and This actors few world. world. This,1980,118,24
36,actors in scenes This has series. This of and in,1954,16,27
37,than be movie. The are are has used This season,2013,108,4
38,countries Best were than are the Best This in the,2008,76,6
39,season Best this series. beautiful in countries,1982,95,15
40,beautiful Best scenes few telecasted many many in,2000,43,30
41,in in movie. Best in season be action countries in,1971,10,34
42,The of action world. the action many the in used,1988,124,31
43,movie will will are has used telecasted beautiful,2019,83,22
44,in season scenes There This mesmerizing. The few,1968,56,8
45,the more more world. it. Best has be series. The,2019,77,23
46,mesmerizing. than used countries the countries,1984,56,37
47,scenes There in in it. in more countries movie. be,1982,120,16
48,in movie movie world. The and telecasted the will,1993,96,40
49,This movie. locations in were countries it. actors,1976,72,10
50,has the used the series. of This many This has,2000,126,11
51,locations in locations This in the used more,2004,133,18
52,in This many season in telecasted used of used,1991,6,26
53,movie. season actors the has many than will,1983,29,17
54,in action movie. actors telecasted many beautiful,1988,112,39
55,and countries in the scenes the the be of scenes,1988,112,1
56,season in beautiful this telecasted than in,1976,99,33
57,world. the were This in the season movie season,2011,148,38
58,the locations and has will the the mesmerizing.,1974,104,25
59,this it. scenes many series. in locations has this,1999,122,9
60,There telecasted locations and many action This,1967,9,29
61,telecasted than has few and in in many the scenes,1978,62,32
62,telecasted be in telecasted 150 This in the in in,2008,99,36
63,were be and were than in this in movie. in season,1962,61,2
64,has in The more This has beautiful are action,1983,119,21
65,many scenes beautiful of mesmerizing. will few,1970,44,14
66,The The used movie. in used scenes be of the This,1966,107,35
67,beautiful than be used will the scenes the,1963,87,20
68,scenes There There and countries season in action,1982,19,13
69,the movie. many in movie. actors in in scenes and,1956,41,3
70,and This telecasted locations few has movie. will,1960,121,5
71,in This few movie. This this has beautiful,1960,142,12
72,will action more scenes action used telecasted,2018,106,7
73,scenes in series. series. are many the This in,1986,146,28
74,beautiful The This will in are the scenes There,1982,139,24
75,more season action this 150 were will it. will it.,1966,128,27
76,world. more locations countries of actors Best The,1960,150,4
77,few in countries and more 150 mesmerizing. in,1980,16,6
78,This and beautiful in in in season season were,2001,117,15
79,in more The This series. few be in in be scenes,1982,43,30
80,movie action beautiful The more season series. of,1954,43,34
81,will season used season countries be has in and,1955,58,31
82,many telecasted 150 this 150 the world. in will,2007,100,22
83,and season are used There this the of were series.,1983,149,8
84,world. many countries telecasted beautiful,1959,42,23
85,were it. many series. movie will 150 season more,1985,30,37
86,the are the movie. The and season many This Best,1975,43,16
87,in used series. locations the This in used in,1963,109,40
88,this are There locations of the the in world. be,1984,103,10
89,action beautiful This scenes beautiful This season,1995,71,11
90,This in beautiful more many 150 this This season,1953,19,18
91,many will season Best action mesmerizing. it.,1964,18,26
92,the series. it. beautiful world. few This movie.,1988,5,17
93,locations series. few Best series. beautiful,1958,104,39
94,in used mesmerizing. season were There locations,1964,86,1
95,beautiful be has series. countries beautiful,1972,131,33
96,in beautiful has more countries movie. telecasted,1983,62,38
97,it. it. than There it. many telecasted many this,1975,63,25
98,are movie. in Best This will This it. the in many,1985,114,9
99,Best actors beautiful season in in used scenes in,2018,13,29
100,movie series. scenes in season mesmerizing. in be,2002,120,32
101,has series. Best There has locations scenes,1970,120,36
102,in it. many Best action in locations it. beautiful,2020,101,2
103,locations scenes be in telecasted more the the,1987,56,21
104,in has season The be the Best telecasted Best few,1966,102,14
105,will in movie and telecasted countries 150,1989,135,35
106,There movie world. beautiful This telecasted,2006,27,20
107,season locations scenes were has This this be the,1954,11,13
108,season more few locations countries more it.,1950,41,3
109,movie locations this locations in season the,1971,134,5
110,few This more in beautiful used in locations the,1978,113,12
111,scenes telecasted 150 than in be will it.,2017,83,7
112,this used more series. than it. telecasted in,1959,32,28
113,150 will in action the beautiful action beautiful,2012,61,24
114,in than This Best in of it. the movie series. than,1994,79,27
115,than series. locations locations This beautiful,1962,102,4
116,and in in more used This telecasted locations Best,1991,113,6
117,The This in countries in are of mesmerizing. be,1975,100,15
118,in telecasted it. and of movie. movie This the,1953,20,30
119,this than are and more were movie many in scenes,2018,90,34
120,the beautiful used action beautiful This beautiful,2015,1,31
121,the the season in actors actors Best the 150 The,1953,149,22
122,countries 150 season the has will in than this,2000,134,8
123,season in than scenes This mesmerizing. has than,2008,99,23
124,used than beautiful of mesmerizing. many beautiful,1953,22,37
125,in in of in more and has Best There countries,2017,103,16
126,will used in the Best in the scenes season are in,1992,137,40
127,series. has beautiful series. world. more season,2009,3,10
128,beautiful the the movie. action has were more,1972,60,11
129,countries it. in action locations and Best There,1960,8,18
130,of season will in more movie. than the and actors,2003,66,26
131,in were There more mesmerizing. more There series.,2005,87,17
132,beautiful used beautiful than has few few in many,2015,53,39
133,beautiful beautiful countries countries be,2003,105,1
134,many and it. and it. series. beautiful telecasted,2001,74,33
135,few movie in and scenes be be are countries in,2005,74,38
136,are the this The series. There be few Best the be,1956,107,25
137,beautiful more locations 150 it. This locations,1970,44,9
138,There in in the movie. are movie in beautiful the,1966,48,29
139,Best action This this This the countries the in,1990,57,32
140,world. telecasted telecasted it. The 150 in the,1999,3,36
141,of The scenes the few this be the season has in in,1971,33,2
142,in will more series. be countries were The in,1962,68,21
143,be Best than This actors and than be few of,1962,120,14
144,actors This beautiful countries mesmerizing.,1967,109,35
145,This 150 scenes Best movie the actors the,1957,87,20
146,will telecasted has telecasted in it. in There be,1954,137,13
147,were actors This of the will beautiful few be in,1997,94,3
148,countries There telecasted the it. This There this,1985,25,5
149,season beautiful in This few this many actors,1952,135,12
150,countries in the There the be scenes Best more,2002,18,7
151,action action actors the There are in The The used,1958,113,28
152,beautiful countries the 150 in and Best more,1972,44,24
153,season and used in world. it. are the season the,1988,25,27
154,movie few in locations movie will scenes,1953,12,4
155,locations it. in more used in The beautiful in in,1999,122,6
156,the Best mesmerizing. it. in in in season season,1991,136,15
157,are of movie. and scenes this This series. of,1962,3,30
158,of it. were were be the the mesmerizing. This,1984,34,34
159,this many will this This in movie be movie series.,1970,149,31
160,This action movie. the actors action than season,2018,148,22
161,than This few used movie more telecasted,2018,25,8
162,are The season in the beautiful the the the scenes,2003,102,23
163,many and many beautiful this the few the movie.,2010,34,37
164,this series. in the will and the countries has in,1988,68,16
165,in more This and this There more many This,1994,26,40
166,mesmerizing. few the actors countries are scenes,1951,31,10
167,has The in were The in of the the movie There has,1977,77,11
168,countries series. in scenes in this mesmerizing.,1960,137,18
169,season beautiful scenes were few this 150 This,2010,6,26
170,used season the The Best are be movie action more,1956,145,17
171,in the in There and it. 150 in many world.,1970,69,39
172,in in the Best world. used mesmerizing. season,1958,52,1
173,There more actors this world. This than countries,1983,113,33
174,season The the action this 150 more scenes series.,1968,88,38
175,There and are season in many season of,1994,119,25
176,will the movie countries locations will this 150,2011,81,9
177,season action used mesmerizing. This season,1987,14,29
178,This has were actors There the the will locations,1990,140,32
179,few countries beautiful actors be season,2016,85,36
180,in in were the be in movie. in beautiful actors,2013,117,2
181,mesmerizing. countries were few movie beautiful in,2015,44,21
182,in used telecasted than locations world. scenes,1974,128,14
183,scenes world. actors many action in than 150 150,1969,76,35
184,are movie. will the used action few action be it.,1979,141,20
185,mesmerizing. were mesmerizing. in will were world.,1995,104,13
186,telecasted used This scenes of of used in season,1982,44,3
187,than of season has 150 it. and scenes action,1977,28,5
188,the used season many telecasted telecasted in and,2000,94,12
189,scenes This are the will this There were of in,1952,103,7
190,Best beautiful There actors movie actors actors,1963,89,28
191,season scenes the action and There telecasted,2014,105,24
192,scenes series. it. action be the than be series.,2007,10,27
193,many used this the scenes are in used and The,2017,50,4
194,movie it. season season the locations world. This,1993,60,6
195,and it. beautiful in are countries movie. were 150,2002,128,15
196,countries beautiful season be season more the in,1988,81,30
197,few actors This were were This The used season in,1972,35,34
198,of movie beautiful than There are the world. and,1995,52,31
199,season locations be used in Best the beautiful,1993,84,22
200,in season in the countries in in action will many,1956,56,8
201,scenes were series. mesmerizing. this were,1997,60,23
202,in The This world. has This used 150 than movie.,1986,107,37
203,will it. season the season locations This the will,1995,20,16
204,the actors the be used countries in in be movie.,2017,140,40
205,Best season season mesmerizing. season,1981,99,10
206,many the Best beautiful this the mesmerizing.,2020,61,11
207,this locations There it. scenes the it. in few,2009,81,18
208,the Best locations countries will and movie. in,1969,88,26
209,action it. Best the season few will will were in,1979,43,17
210,action be the than the scenes beautiful in scenes,2008,41,39
211,telecasted movie. telecasted This series. season,1953,122,1
212,scenes telecasted of many scenes used This were,1992,13,33
213,this the few will many action the the be countries,1988,99,38
214,will The few Best will in used it. in were were,1978,32,25
215,countries season few beautiful action are,1953,105,9
216,the beautiful in few were telecasted The be Best,1993,48,29
217,many in movie. were scenes in are movie. season in,1984,26,32
218,season this than 150 were This has the than movie,1981,43,36
219,telecasted and beautiful countries This season few,2014,114,2
220,used There will The in This used This the than few,1961,132,21
221,Best the many movie. many season The few has 150,1994,3,14
222,it. beautiful be few than be locations the in it.,1997,134,35
223,has more movie. scenes were it. This the used,1958,35,20
224,in the telecasted more Best the beautiful movie in,1996,68,13
225,will will season the countries scenes telecasted,1962,41,3
226,beautiful the beautiful locations in be The Best,1983,59,5
227,in 150 will it. action in season scenes,1961,3,12
228,beautiful more were the in the be more used,2011,53,7
229,in season This were are beautiful movie actors,1987,110,28
230,movie. mesmerizing. of actors the more be,1956,38,24
231,There movie scenes this Best in in than beautiful,1988,47,27
232,this movie scenes more mesmerizing. in scenes it.,2013,112,4
233,in in in be The Best Best beautiful mesmerizing.,2017,57,6
234,has movie more 150 has movie. in season Best in,2010,29,15
235,There season mesmerizing. were locations be be,1965,57,30
236,Best the world. more of and the has the are this,1978,87,34
237,are in This movie. more few more in action than,1999,108,31
238,action There this locations scenes more movie. and,1972,86,22
239,were mesmerizing. were were than telecasted in few,2018,42,8
240,beautiful beautiful in be this in beautiful has,1995,44,23
241,beautiful used few the season are in and season in,1993,113,37
242,and more be This in in season mesmerizing. in,1958,91,16
243,movie this 150 season in the the in in many world.,1970,51,40
244,used and than than scenes There in be The used has,1965,62,10
245,in be of the This of has are season beautiful the,1959,117,11
246,mesmerizing. beautiful and actors more Best world.,1971,92,18
247,has the in will this actors 150 telecasted the the,1969,62,26
248,in This movie many in action has in This in the,1989,18,17
249,the more in than 150 few season are The in and,1990,106,39
250,locations used the 150 movie There locations,1958,80,1
251,countries used it. movie. series. season more,1953,56,33
252,in This more used it. of action are scenes The,2012,142,38
253,the the were will Best will The telecasted in are,2002,89,25
254,locations the There used has season This few be,1982,102,9
255,many the few 150 in season locations the has used,1982,54,29
256,series. There of This the countries it. more This,2020,76,32
257,the action world. countries the beautiful 150 the,1978,73,36
258,The season more the the has mesmerizing. the,2020,103,2
259,has mesmerizing. few in series. movie in beautiful,2005,99,21
260,This the in beautiful season locations than movie,2018,40,14
261,and and beautiful This the the season movie.,2008,59,35
262,season in season movie few This actors will,2019,28,20
263,many the scenes The beautiful scenes and world.,2003,128,13
264,beautiful used telecasted the this it. are movie,1973,5,3
265,actors action The and of season season movie Best,1969,145,5
266,more are in and in used actors will telecasted,1961,10,12
267,Best actors be it. 150 series. beautiful it. it.,1995,107,7
268,the and the are Best action many actors countries,1999,70,28
269,movie. season action were season season beautiful,1962,125,24
270,scenes are used beautiful the in has mesmerizing.,1995,18,27
271,countries 150 and beautiful the There world. 150,2015,91,4
272,has The beautiful season few Best in in more,1961,91,6
273,world. the This will the this There telecasted,1983,1,15
274,are more season the season be scenes movie. in,1968,71,30
275,season more this season in mesmerizing. more movie,1988,19,34
276,locations series. scenes in many in world. be,1986,63,31
277,this This season beautiful and the season This of,1977,84,22
278,action beautiful in This in in the 150 world. more,2014,123,8
279,more has are This locations used the movie. the,1986,101,23
280,The This There than many the beautiful This were,2011,100,37
281,in telecasted mesmerizing. Best This the locations,1964,148,16
282,the few are Best beautiful locations few beautiful,1993,135,40
283,this season in it. telecasted countries in the,1971,98,10
284,action in This in will be and movie. countries of,1978,31,11
285,are locations actors season world. the movie the,1952,133,18
286,telecasted The locations actors action This and,1997,55,26
287,telecasted 150 the in This in movie beautiful in,1961,24,17
288,This the season has This There movie. it. it.,1985,105,39
289,scenes the countries There the series. actors the,1977,126,1
290,this in many telecasted of telecasted Best has 150,1965,132,33
291,be series. in in There has the beautiful 150,1950,15,38
292,countries be used of beautiful action and it.,2000,5,25
293,season than Best movie The countries series.,1988,138,9
294,mesmerizing. The it. in it. countries many the,1950,3,29
295,Best mesmerizing. Best telecasted be Best in used,2008,135,32
296,countries telecasted will in the of movie This The,1995,86,36
297,beautiful beautiful Best countries Best movie.,1975,114,2
298,has locations many in few in were few mesmerizing.,2018,46,21
299,The action than were of many Best the used This,2016,68,14
300,actors in mesmerizing. the world. many telecasted,2019,107,35
301,mesmerizing. countries telecasted were world.,1996,135,20
302,season telecasted few the locations beautiful,1990,142,13
303,of There the series. many the season the,1976,43,3
304,The has were in are in beautiful series. of This,2015,88,5
305,the Best The telecasted of the telecasted season,1964,140,12
306,be mesmerizing. season are beautiful has are than,2013,115,7
307,be 150 beautiful be mesmerizing. the beautiful,1978,141,28
308,has This movie. has in action countries and the of,1983,18,24
309,of This will This are were locations season scenes,2014,83,27
310,the will The 150 scenes in season many Best of has,2017,141,4
311,scenes this in few in This the beautiful in This,1993,143,6
312,it. There of season series. more be are of it. the,1984,100,15
313,in of and few beautiful will of movie. and,1983,2,30
314,few actors in in The 150 were movie. of were,2014,150,34
315,150 movie few scenes beautiful movie. action This,2003,42,31
316,movie. and in the actors locations will movie Best,1965,74,22
317,of be will There in movie actors has world. than,1997,81,8
318,the scenes beautiful has beautiful season will and,1974,97,23
319,There telecasted were in beautiful action the,1971,23,37
320,season mesmerizing. season the the mesmerizing.,1992,90,16
321,movie season it. actors locations scenes There,1950,137,40
322,scenes action beautiful in world. in This few Best,1960,2,10
323,150 action the 150 telecasted the has in This,1972,95,11
324,it. the locations scenes telecasted in The the,2018,144,18
325,season This mesmerizing. This beautiful many Best,1995,4,26
326,season it. the be season locations movie. in the,1964,86,17
327,action movie countries few more than countries,1994,104,39
328,beautiful in There many more in The are The action,1983,149,1
329,be The it. telecasted will Best and in beautiful,1981,86,33
330,beautiful of has countries series. This and There,2013,84,38
331,movie in locations world. actors were locations,1960,100,25
332,in many There beautiful Best this season in,1979,38,9
333,telecasted in season were than of it. beautiful,2018,55,29
334,will in scenes This in locations This in The and,1988,145,32
335,beautiful season The in season This beautiful were,1965,115,36
336,mesmerizing. This mesmerizing. the the more than,1995,7,2
337,than 150 in will actors in in in the locations The,1966,92,21
338,it. this and has be movie. were There will in,1976,10,14
339,it. this will it. in There action be in be will,1963,41,35
340,season movie The countries This The world. in used,1960,19,20
341,season scenes season Best the telecasted scenes,1968,64,13
342,This series. few in season has beautiful series.,1998,7,3
343,beautiful This more of telecasted and There are in,1992,23,5
344,countries locations movie. more in it. are few,1981,135,12
345,scenes season it. scenes season of beautiful in,1992,139,7
346,in were world. Best many few in in beautiful The,1986,66,28
347,more this in locations more will countries be many,1967,4,24
348,movie. actors it. the the movie in the season will,1995,138,27
349,the more and scenes 150 were This season more be,1967,111,4
350,beautiful locations were movie. 150 actors scenes,1992,62,6
351,the few many series. telecasted in season will the,2019,5,15
352,action movie more and scenes be in in the the,1950,17,30
353,beautiful of world. in this be of in season be,1997,24,34
354,be The movie series. the will There in This in in,1973,128,31
355,movie. than the and This actors are few countries,2018,121,22
356,action few There were in it. are this this There,1986,134,8
357,has the action this world. used in in will the,1968,47,23
358,used This used beautiful be telecasted beautiful,1979,50,37
359,beautiful the mesmerizing. the This in in are few,1970,85,16
360,countries beautiful many used action There movie,2020,55,40
361,movie the more in telecasted has in season,1969,12,10
362,in locations movie. are in season this be will has,2016,143,11
363,the locations of movie the and in will more Best,1952,82,18
364,beautiful season it. countries in world. used be,1950,150,26
365,it. this than actors This the telecasted and this,2006,42,17
366,than will more movie in this countries the in more,1964,105,39
367,are were locations were world. in were season,1986,45,1
368,in the and will in than be locations movie. Best,2015,8,33
369,the actors This the This locations This movie. in,1999,35,38
370,Best it. beautiful countries be 150 action few,1958,35,25
371,has movie. are will were are be this has this the,2019,132,9
372,locations in in than action it. actors it. movie.,1970,71,29
373,the few in countries actors season in be,1961,57,32
374,scenes season has in used and are in few beautiful,1960,5,36
375,scenes scenes many many The this season scenes has,1973,27,2
376,be locations There movie it. countries series.,1973,130,21
377,will beautiful used this season the were action,1988,130,14
378,countries movie. There There will season were has,2012,110,35
379,few This than beautiful used scenes used in,1975,6,20
380,telecasted in beautiful scenes more were and were,1958,88,13
381,This There few few world. series. of the are There,2018,83,3
382,movie. and in will in locations beautiful,2019,116,5
383,in season in movie. movie. actors in this used,1966,39,12
384,mesmerizing. few in in 150 There This mesmerizing.,2009,25,7
385,the in movie. beautiful more The were it. actors,2015,79,28
386,There locations movie. beautiful This mesmerizing.,1959,83,24
387,movie movie will scenes mesmerizing. the There,2003,15,27
388,many it. actors 150 series. season in this the,1994,78,4
389,This telecasted season This mesmerizing. were This,1991,24,6
390,the has movie countries in countries in in series.,1999,132,15
391,action movie the season were actors 150 telecasted,1977,110,30
392,This the the the in mesmerizing. were in world.,2008,43,34
393,the world. This in in more it. locations in,1956,76,31
394,in were the scenes many were There actors more,1964,136,22
395,in actors This the season Best more Best The in,2012,7,8
396,mesmerizing. in many few series. The in it. many,1973,72,23
397,action in used it. in Best season scenes series.,1995,75,37
398,be in 150 telecasted 150 actors telecasted series.,1992,23,16
399,it. season more series. in movie. the season,1995,93,40
400,used This beautiful beautiful This in in countries,1978,34,10
401,more Best telecasted will action Best in This be,1950,21,11
402,has in telecasted season than has few few this the,1972,146,18
403,beautiful than Best world. in series. more few,2017,104,26
404,in The movie. beautiful scenes in were and be more,1958,76,17
405,telecasted the the in than season 150 of 150,1993,80,39
406,were The Best countries the telecasted movie. in,1999,85,1
407,this countries Best in in series. than 150 There,2010,110,33
408,scenes in action This in the the This This,1986,20,38
409,beautiful and world. in This season mesmerizing.,1950,102,25
410,has This actors many beautiful in countries many,1994,141,9
411,than 150 has Best action movie 150 locations and,2019,5,29
412,few it. beautiful used in than There and This are,1976,88,32
413,and actors series. in This it. This countries This,1953,45,36
414,were in has in few season locations in this this,1962,147,2
415,be has be were actors 150 mesmerizing. movie. be,1951,123,21
416,telecasted in many countries beautiful of,1970,47,14
417,be There has it. few used Best The movie. world.,1999,104,35
418,This The scenes of used series. were this movie.,1964,58,20
419,of locations will movie. and world. actors actors,1955,71,13
420,movie. in this This are 150 are movie. the will,1997,110,3
421,used 150 are be than world. the will than series.,1982,90,5
422,season it. There it. The in the action in The the,2012,118,12
423,locations many beautiful 150 The world. are will,1973,134,7
424,movie. in of There movie and This in in movie,2020,54,28
425,the movie in locations the were scenes this many,2002,76,24
426,this world. it. scenes This season beautiful this,1961,90,27
427,The in movie. mesmerizing. in movie in scenes,1964,145,4
428,movie actors in the movie movie. are are beautiful,2017,71,6
429,movie. season movie in season used action in The,1969,148,15
430,movie. locations this This were This in This movie,2020,105,30
431,many are The many and locations in scenes the The,1999,56,34
432,beautiful locations will beautiful movie scenes,2016,107,31
433,season the of movie. The season this has beautiful,1966,17,22
434,150 The Best this in the beautiful series. few has,2018,122,8
435,season season actors This the world. in and action,1957,68,23
436,world. countries the This in than season few,1996,87,37
437,The in world. are of mesmerizing. many This it.,1952,12,16
438,the The season more This There movie in action,1957,113,40
439,countries are and it. the are in in and action,1965,96,10
440,this than the in has world. actors has This will,1966,145,11
441,and has are than the this were in and beautiful,1969,123,18
442,season There the the it. telecasted season in,1966,146,26
443,has few scenes action This 150 season beautiful,1994,126,17
444,action will in in of beautiful The be this be many,2017,34,39
445,in has There more and the it. it. in season more,2000,128,1
446,it. will countries in This of of scenes countries,1950,23,33
447,There and The in are this are it. The in it. the,2004,149,38
448,in of movie in 150 few movie. locations This,2014,79,25
449,in The were it. series. and This season and,1962,14,9
450,in world. few action more few beautiful be world.,1991,111,29
451,are series. the in and beautiful actors in world.,1995,118,32
452,movie. 150 it. the are movie. it. locations,1980,18,36
453,will than be This The in and more actors series.,1986,102,2
454,more telecasted actors of has movie. beautiful,2019,134,21
455,will the in locations world. beautiful many are in,2017,95,14
456,action will in the actors locations the locations,1958,54,35
457,movie Best locations Best more in There telecasted,2019,12,20
458,actors scenes has the this than beautiful were,2017,51,13
459,locations telecasted There There scenes action,1977,1,3
460,more in Best used Best actors few beautiful than,1981,141,5
461,will this in telecasted the will locations scenes,1984,90,12
462,this world. This actors and were were This movie.,2014,40,7
463,has This This This countries mesmerizing. many,1966,22,28
464,world. actors mesmerizing. season beautiful this,1950,147,24
465,This in movie it. are season The movie action,2016,86,27
466,beautiful it. in of many telecasted This movie in,1952,48,4
467,Best Best and beautiful telecasted action movie.,1960,72,6
468,than season season will of 150 used The the in,1956,73,15
469,telecasted telecasted in action the world. scenes,1954,80,30
470,in be in the season scenes used movie. series.,1976,36,34
471,action movie in it. the than were world. There,1968,35,31
472,The actors in action in this season movie There be,1992,142,22
473,action scenes movie. beautiful the There season,2019,113,8
474,few actors the in movie of beautiful world.,2010,77,23
475,in beautiful season mesmerizing. and than This it.,1977,137,37
476,There of the are season movie. 150 Best many,1965,95,16
477,of action in than scenes beautiful Best of in,1967,142,40
478,There will in season season action This more,1977,101,10
479,actors few beautiful are in world. used this This,1969,77,11
480,and in season the of of has this There This Best,2002,53,18
481,of The than There in the countries movie countries,1978,91,26
482,of This and the series. movie. than movie in the,1970,66,17
483,countries world. series. the There than,2004,58,39
484,in world. in series. scenes locations world. has,1999,38,1
485,locations it. in world. more of countries be the,1975,138,33
486,many beautiful more few scenes than season the the,1968,38,38
487,be of scenes this in season beautiful the,1979,5,25
488,few season it. beautiful it. action were There it.,1968,33,9
489,more of movie. used locations in of more are,1951,28,29
490,action the this Best and series. movie. There many,2019,14,32
491,in This movie. in series. few movie Best This,1997,75,36
492,this the the than This season were beautiful movie,1955,111,2
493,There Best in it. this this it. and many movie,2001,113,21
494,telecasted beautiful the This it. will the has,2005,106,14
495,of it. beautiful beautiful The action were movie,2002,55,35
496,countries in in telecasted There locations This of,1976,84,20
497,Best the There season beautiful this of 150 action,2020,125,13
498,in in countries the more in This of movie. in more,1994,129,3
499,in season in telecasted This Best were this many,1951,98,5
500,actors the were The Best will the movie This Best,1998,80,12
501,this mesmerizing. beautiful season and and has 150,2011,102,7
502,it. There world. this many movie actors in the 150,1997,76,28
503,countries were There Best The series. few in and,2009,150,24
504,the many in more This season 150 will be of more,2007,128,27
505,This and action season in world. This series. has,1973,76,4
506,in mesmerizing. the than in many in the This The,1953,127,6
507,the in telecasted has action the the movie. be,1982,56,15
508,in There movie countries were be few world. of in,1997,26,30
509,Best in be more the the movie. in this 150 the,1991,148,34
510,this actors the in and the scenes in be locations,2001,150,31
511,more telecasted action beautiful The in few it. in,2012,62,22
512,action the scenes season the The Best and 150 it.,1992,62,8
513,scenes beautiful used in this this action in be,1997,125,23
514,countries many beautiful are season beautiful,1996,98,37
515,mesmerizing. more than many than season in be in,1952,50,16
516,beautiful this scenes more the in the the than,1964,24,40
517,scenes scenes movie. and world. movie were has,1959,133,10
518,movie. series. in world. this and of in scenes,1988,135,11
519,The more movie beautiful in more few action more,1995,10,18
520,scenes of many There telecasted actors it. action,1998,48,26
521,were world. the beautiful scenes series. This in,1994,43,17
522,were 150 used action many countries action in The,2012,39,39
523,movie the beautiful beautiful has the mesmerizing.,1955,46,1
524,series. many used action telecasted telecasted,1955,66,33
525,scenes actors many many This the movie This of and,2000,112,38
526,the scenes are and 150 used The beautiful action,1962,74,25
527,be scenes in in beautiful in This locations,2011,29,9
528,more it. series. used more beautiful world. will,1964,7,29
529,few used has beautiful the and used beautiful many,1957,23,32
530,be used were more in will movie countries,1950,53,36
531,the in countries used in season telecasted in,1966,120,2
532,the 150 the movie 150 There it. in season This,1994,14,21
533,the world. mesmerizing. beautiful this than,1976,3,14
534,used in in 150 the the of were action season Best,1992,147,35
535,this be in of be in 150 than be Best season the,2012,102,20
536,movie. the The season in in the used has the the,2002,16,13
537,in are Best used in beautiful season in actors of,1981,67,3
538,150 countries few in There mesmerizing. were,2018,80,5
539,in season it. locations has it. 150 This the it.,1975,112,12
540,movie locations telecasted Best beautiful The 150,1972,12,7
541,countries of mesmerizing. in beautiful scenes and,2007,133,28
542,few movie movie. This used the the season movie,2002,130,24
543,This in the telecasted used in world. season has,1998,36,27
544,this countries scenes the This be This the the,1970,28,4
545,will series. many and used beautiful This season,1957,103,6
546,be this actors This in few were this series.,1954,14,15
547,in This locations in has actors season beautiful,1978,137,30
548,mesmerizing. 150 in mesmerizing. more more The,1954,15,34
549,few There world. There season in movie used in,2002,57,31
550,be in this countries in season countries Best This,1988,31,22
551,Best in action Best This season locations,1967,102,8
552,this used in this few mesmerizing. countries the,1981,140,23
553,world. in movie in 150 in locations be are,2020,120,37
554,many telecasted countries in series. beautiful,1974,51,16
555,were the movie world. Best in series. the few Best,1953,37,40
556,than in movie. countries used than There few the,2019,63,10
557,it. the action beautiful action There world.,1991,30,11
558,more There in many be few action this the than,2004,84,18
559,used in in This There than and more the action,1956,17,26
560,countries world. the of world. Best are locations,1960,3,17
561,countries This of There of are in season This used,1962,98,39
562,season used season in movie the of movie. scenes,1968,49,1
563,scenes movie 150 series. it. few This of few has,1990,4,33
564,the This in The used this scenes many used This of,1990,95,38
565,be the countries be action in in of movie be were,1985,30,25
566,This and few were in of has world. season in in in,1967,49,9
567,action telecasted the in in few and in the the,1966,59,29
568,beautiful in telecasted This in and beautiful are,1955,129,32
569,scenes series. of There mesmerizing. actors the be,2005,146,36
570,many mesmerizing. more There were 150 countries of,1971,34,2
571,many in beautiful this 150 movie action locations,2003,108,21
572,than This There There This telecasted the will and,1961,53,14
573,The There countries few be season in used movie.,1962,24,35
574,many are more beautiful in mesmerizing. the and,1972,149,20
575,series. world. of This than The were in series.,2011,65,13
576,of This the many are many There many There the,2012,64,3
577,telecasted in season in actors in has action are,1964,4,5
578,action be in movie. Best the 150 season the the,2006,19,12
579,in were in in action the countries the locations,2018,114,7
580,it. actors The the the Best the beautiful be than,1995,98,28
581,many locations telecasted The scenes more are 150,2004,88,24
582,season in mesmerizing. There and beautiful will,2006,15,27
583,There scenes scenes beautiful series. were,1982,101,4
584,series. of season it. in movie. used countries it.,1990,142,6
585,many used This beautiful and it. world. actors,2004,102,15
586,were There in many movie. countries action season,2005,131,30
587,scenes The locations series. has Best action few,1994,44,34
588,few The telecasted will many in world. movie. in,1952,103,31
589,the were telecasted series. scenes more,1988,110,22
590,The in in it. The season in many locations,2013,39,8
591,beautiful series. few it. it. will are beautiful,1960,137,23
592,it. it. telecasted the were mesmerizing. series.,1998,133,37
593,This Best This scenes series. scenes many actors,2011,64,16
594,The this in the scenes season telecasted many be,1965,110,40
595,movie. movie. than in 150 season many This in in,1960,64,10
596,actors it. action in telecasted has countries used,1988,85,11
597,more than season 150 world. used series. movie.,1962,127,18
598,This mesmerizing. be in will be the the movie. in,1957,91,26
599,are the 150 in countries the locations has This,2006,148,17
600,mesmerizing. movie be in actors it. in and in few,2011,54,39
601,than in world. in beautiful and and This in in,2008,105,1
602,action it. many the mesmerizing. many mesmerizing.,1973,9,33
603,season are than This season series. mesmerizing.,1970,20,38
604,series. this has movie season many countries than,1980,23,25
605,are more the world. used the The movie. world.,2005,73,9
606,this this be This countries and action were This,1955,49,29
607,many in it. and and the actors be few telecasted,1969,117,32
608,locations the used of The more 150 many season,1997,122,36
609,world. There movie are are the movie. scenes are,1983,136,2
610,There be than in countries season There There and,1962,124,21
611,in This has movie. in will the actors the the many,2005,60,14
612,this will were used in season season This 150,2006,11,35
613,in Best the more in and the were used the actors,2006,120,20
614,actors than in This few world. many in beautiful,1981,69,13
615,has many it. This actors scenes the world. world.,1976,65,3
616,has the more has the in this world. scenes series.,1976,84,5
617,season action this has in in telecasted than,2006,98,12
618,beautiful the This used scenes season This the the,2020,12,7
619,This in actors in season actors in locations,2007,144,28
620,few used in action in season were of of it. than,2000,50,24
621,series. movie beautiful Best series. will many in,1994,6,27
622,used used beautiful than season movie. more the,1964,107,4
623,season Best There and This This movie action,1987,19,6
624,few in of scenes world. more this many countries,2013,107,15
625,in beautiful movie of series. in locations,1960,48,30
626,were many locations it. has countries are This,1955,125,34
627,There This There this series. more be the has are,1970,140,31
628,actors The telecasted used actors in season many,2018,65,22
629,and 150 more countries This in than has be will,1962,85,8
630,movie. than mesmerizing. 150 of movie beautiful in,1973,131,23
631,in in are were action movie. in used mesmerizing.,1999,88,37
632,The 150 in in countries This in series. and used,1956,64,16
633,has has used be telecasted locations locations,2020,22,40
634,The will 150 were in the than the used used,1957,61,10
635,more few many will world. this season There,2008,144,11
636,be be locations and world. in be will this actors,1981,80,18
637,beautiful season are beautiful scenes This in Best,1986,145,26
638,season world. the it. There in will and in in it.,1952,79,17
639,many it. in in the countries of many telecasted,2006,69,39
640,than world. the more telecasted in mesmerizing.,1998,54,1
641,in actors season 150 than locations countries in,1986,14,33
642,has has telecasted 150 used and are the movie.,2018,72,38
643,locations This locations locations used the,1990,117,25
644,series. it. the season season were mesmerizing.,1975,137,9
645,Best season This the in the are season This the,1957,130,29
646,mesmerizing. were few There were scenes few This,1975,126,32
647,in than than beautiful the in in many The,2013,13,36
648,season the telecasted it. used beautiful were Best,1980,145,2
649,movie series. scenes are locations the This than,2009,45,21
650,series. than telecasted it. locations scenes the,2005,130,14
651,series. mesmerizing. will season the actors movie,2003,137,35
652,than There will used action Best scenes the action,1962,115,20
653,in The in in mesmerizing. beautiful actors 150,1971,97,13
654,movie. movie. in There were in will in Best world.,1955,98,3
655,the locations many be season and few season,1966,49,5
656,The few few countries in The of scenes,1994,148,12
657,series. The actors world. This and many Best in,2006,140,7
658,This 150 action has season season the mesmerizing.,1978,63,28
659,of in actors were than world. mesmerizing. series.,1969,126,24
660,will countries it. in Best than in are it. action,1999,99,27
661,season This actors this the were series. 150 were,2006,59,4
662,the locations the were season the has locations,1971,53,6
663,This in world. movie telecasted of Best few action,1985,38,15
664,actors actors This series. movie in mesmerizing.,1959,6,30
665,in beautiful the few Best movie. were in world.,1983,36,34
666,the world. action This it. the telecasted There,1999,147,31
667,the season in mesmerizing. than movie. in series.,2006,139,22
668,150 few in more the action this of actors many,1998,60,8
669,season movie. be than more The season in series.,1994,76,23
670,The in This countries This countries Best and more,2016,136,37
671,few season beautiful beautiful countries than,2010,89,16
672,mesmerizing. season actors it. has season this,2003,19,40
673,scenes actors world. scenes There movie,1964,93,10
674,countries in are in beautiful movie. has this this,1958,91,11
675,and countries were This in are will than in this,1964,37,18
676,countries in it. in Best locations movie. in,1996,84,26
677,it. in few few in Best series. countries beautiful,1995,141,17
678,season than the of world. countries the the few,1961,32,39
679,season be are locations beautiful in series. in,2005,128,1
680,be will scenes this Best actors the and were in,2006,72,33
681,used in in This world. season few beautiful in,1963,112,38
682,in season movie. in season be the in it. were,2011,145,25
683,mesmerizing. has 150 were than telecasted in used,1958,20,9
684,in beautiful many used in were few The beautiful,1977,105,29
685,movie. movie scenes in series. it. beautiful,1990,144,32
686,the movie This This This are in in be actors,1987,123,36
687,series. action The in season mesmerizing. This,2006,117,2
688,are movie in in beautiful were series. in this,2015,75,21
689,are be This in in mesmerizing. beautiful world.,2011,13,14
690,were it. mesmerizing. scenes in in it. This in and,1963,146,35
691,the it. The 150 Best The will has many in many of,1995,90,20
692,in more the has There beautiful locations than,1957,83,13
693,There in in beautiful beautiful actors it. few 150,2003,104,3
694,There The few There in countries beautiful few,1956,121,5
695,be the in beautiful actors season used in series.,2013,145,12
696,There has season and scenes this beautiful this,1964,112,7
697,series. the the season were has season movie.,1983,35,28
698,it. will this Best season in beautiful in it. This,1980,112,24
699,in The in beautiful mesmerizing. in the locations,2013,101,27
700,countries movie more be the movie used used,1978,133,4
701,of this telecasted season actors The than world.,1989,137,6
702,will movie. mesmerizing. locations few be,1964,104,15
703,scenes series. Best series. were than There,2006,70,30
704,the locations more action few were locations in,2014,60,34
705,150 actors were scenes telecasted in movie.,2015,42,31
706,in scenes beautiful of and in actors of the in The,2020,118,22
707,has There 150 more season than be locations,2018,23,8
708,in in be series. This telecasted the used This,1963,7,23
709,in There many The telecasted movie are this has,2012,61,37
710,The movie. season There season This action season,1991,115,16
711,beautiful this in in 150 in in in in in the will,2019,8,40
712,the many in season mesmerizing. used series. the,1995,109,10
713,be has beautiful has action countries movie.,1994,85,11
714,mesmerizing. the There world. this countries the,1983,54,18
715,the countries scenes has of scenes This in in,1986,137,26
716,used of Best will in season in mesmerizing. in,2015,65,17
717,150 This were beautiful beautiful movie in This,1962,33,39
718,150 than in action actors in This more be has,1957,83,1
719,in and than more action scenes beautiful action,1990,12,33
720,the the this The few in in movie 150 beautiful,2017,64,38
721,in many in actors movie. series. telecasted movie.,2014,31,25
722,in were will used season be in in has the in and,2012,65,9
723,actors has were telecasted beautiful season used,2007,48,29
724,more and This Best more action more beautiful,1981,81,32
725,world. This has There be beautiful in in movie. in,1970,46,36
726,in are and many in and be were be season be,2003,6,2
727,beautiful series. action beautiful locations were,1950,66,21
728,series. few 150 mesmerizing. beautiful The This,1958,122,14
729,actors series. This many movie. beautiful it. in,1965,96,35
730,season used movie in of There This in beautiful,2020,76,20
731,telecasted actors it. it. than This world. The are,1963,49,13
732,beautiful Best more in this This countries actors,1965,29,3
733,There mesmerizing. beautiful telecasted few of,1969,81,5
734,in mesmerizing. season season has There Best in,1976,146,12
735,were and locations action of many has be 150 this,1967,86,7
736,telecasted countries few beautiful series. this,2019,9,28
737,will in more the few actors 150 in There the the,1955,76,24
738,be Best are few than has scenes world. movie in,1965,111,27
739,world. movie the beautiful There beautiful be this,1983,64,4
740,season action in This movie. This world. has few,1990,26,6
741,more countries more the This 150 in has The in,1989,101,15
742,in beautiful than the and series. This movie has,1993,110,30
743,few are and beautiful be few This in in This in in,1953,14,34
744,of 150 used locations series. telecasted has This,1970,48,31
745,There were in used than locations many in it. than,1964,138,22
746,The There than in movie. used the 150 are it. this,1950,132,8
747,season of locations 150 it. countries locations,1984,149,23
748,of will be be There few used in are action in This,1969,51,37
749,There 150 Best it. of in in in telecasted in,1991,135,16
750,be world. movie. action This movie The 150 action,2018,81,40
751,more beautiful series. are This Best scenes world.,1952,79,10
752,more and 150 in than This than mesmerizing. more,1975,103,11
753,and will and series. in actors of of many There,2010,101,18
754,of few season series. has in are telecasted are in,2016,38,26
755,season This used the movie in This be in movie,1985,103,17
756,and scenes mesmerizing. 150 series. actors scenes,1997,73,39
757,beautiful countries and countries telecasted will,1978,57,1
758,were it. season the were in in locations many in,1975,139,33
759,This be many movie. used the the the scenes than,1993,14,38
760,in has action scenes in will action many were than,1962,36,25
761,world. actors Best This it. in used in the,2020,53,9
762,were used beautiful will in has action beautiful,2010,51,29
763,action action in 150 There the movie beautiful,2018,61,32
764,are season Best beautiful used series. The and,2012,136,36
765,countries more There movie mesmerizing. There will,1978,66,2
766,will in be mesmerizing. season mesmerizing. and,2004,130,21
767,locations the in movie. more than in will season,1975,28,14
768,in locations telecasted Best in the movie more has,1967,90,35
769,movie. scenes in season countries in has There,1966,118,20
770,The has season beautiful Best the of many This,1987,129,13
771,season actors movie. beautiful the the scenes will,2010,139,3
772,series. the used has and of the than There are,2018,72,5
773,actors movie. 150 mesmerizing. the movie. has,1995,20,12
774,This countries scenes series. This movie.,1950,136,7
775,mesmerizing. 150 telecasted were used has it. The,1978,114,28
776,season be the in and action were were in series.,1971,71,24
777,countries in beautiful will The in be world. This,2009,51,27
778,few scenes in has of in of mesmerizing. series.,1986,150,4
779,beautiful and are and has the movie Best few movie,1966,94,6
780,scenes season and it. the actors of used This used,1970,65,15
781,season in action 150 series. are actors the were,1969,8,30
782,will in in be actors season are were will are more,2001,16,34
783,beautiful action more the This season Best season,1988,138,31
784,beautiful many countries movie. world. in in,1968,16,22
785,series. in will than telecasted scenes This The,2018,147,8
786,Best are are scenes 150 used season used than,2008,97,23
787,season actors There this the 150 in telecasted few,1975,79,37
788,There scenes few countries used actors in this,1974,44,16
789,the and This this beautiful season series.,2012,43,40
790,series. than telecasted 150 beautiful series. in,1991,13,10
791,the in This locations mesmerizing. the This 150,1990,103,11
792,The This in in the actors it. beautiful beautiful,2001,87,18
793,season the season few beautiful more actors more,1993,98,26
794,in the action world. This This in the beautiful in,1971,28,17
795,action used This has used used locations actors,1990,124,39
796,this in Best many countries few in the telecasted,1999,50,1
797,the than telecasted beautiful beautiful series.,1996,50,33
798,season it. were in this scenes season beautiful be,1961,28,38
799,than series. were more many in has season action,2013,132,25
800,few countries in in used movie has actors in There,1981,8,9
801,this this scenes in were scenes Best in,1995,104,29
802,and This in world. more it. movie. it. in scenes,1967,60,32
803,has than be in The movie. scenes actors The in,1953,83,36
804,series. This the telecasted Best beautiful are,1953,6,2
805,Best season many scenes more countries The it.,1957,92,21
806,the season movie mesmerizing. world. the are few,1954,7,14
807,has movie. the Best movie. this This mesmerizing.,2000,84,35
808,in in season in used telecasted in action movie,2010,115,20
809,movie. beautiful Best mesmerizing. than actors in,1987,74,13
810,and mesmerizing. in movie. locations movie. in The,1964,33,3
811,scenes Best in This the more 150 telecasted more,2008,23,5
812,in This countries it. are action beautiful the,2012,57,12
813,season movie. in movie. season than has,1958,46,7
814,countries few of it. Best of beautiful Best few,1972,99,28
815,the many countries the were season the more it.,2013,29,24
816,in There series. the the than were in in in be,1968,38,27
817,telecasted than and the telecasted this in in it.,1972,64,4
818,in has of scenes This were season telecasted the,1999,45,6
819,season in in movie in has more the more used,2014,139,15
820,telecasted series. many locations season world.,1990,119,30
821,action The has season has than will beautiful,1978,52,34
822,many season Best in the telecasted movie. in,1951,134,31
823,has this many many action in used than countries,1976,47,22
824,of the the in of in the series. than This the used,1996,106,8
825,telecasted actors in more world. the mesmerizing.,2017,27,23
826,scenes season the countries scenes than This than,1959,53,37
827,in beautiful more movie beautiful will movie and,1974,125,16
828,season it. it. telecasted This be countries were,1974,142,40
829,more This in movie few are scenes has the in,1980,13,10
830,world. in and Best beautiful used movie season,1999,65,11
831,than are countries 150 world. in scenes of This,1996,22,18
832,countries mesmerizing. of few in This The,1997,23,26
833,it. countries many movie. were 150 telecasted in,1994,19,17
834,will it. more it. 150 will are telecasted,2006,86,39
835,locations beautiful This are actors were the in,1996,111,1
836,world. in few in the season Best There few 150,1952,98,33
837,This season this season in be movie. the in Best,1998,83,38
838,This in many This in countries telecasted in,1985,132,25
839,movie movie world. used movie actors of more in in,1960,75,9
840,more scenes many The in has this the the,2013,141,29
841,mesmerizing. the are telecasted be of the This in,1958,14,32
842,telecasted are The in than actors actors There it.,1986,115,36
843,There than This beautiful scenes world.,2007,120,2
844,in Best This it. telecasted in movie movie scenes,1997,11,21
845,in the mesmerizing. the and the scenes will in are,2003,140,14
846,There are 150 There in in the movie. mesmerizing.,1999,46,35
847,locations this season This beautiful are,1992,41,20
848,many the countries movie. will the in it. than,1970,149,13
849,in than were season action has many in in,1978,149,3
850,The many countries be beautiful are used this are,1972,87,5
851,action in movie. will will season This There,1977,136,12
852,has The This of The used This be the This movie,2017,5,7
853,movie used series. many Best telecasted This,1968,40,28
854,in are few telecasted were and many scenes it.,1973,13,24
855,were the There season beautiful season 150 This,1952,107,27
856,in few world. it. beautiful Best Best The in,1994,121,4
857,This will action has The used in This are than,2012,13,6
858,few were this in countries Best actors the There,1978,127,15
859,in movie few were has in few scenes be There many,1956,130,30
860,season season countries and in used This and are,2019,39,34
861,action are the Best countries world. more Best The,2001,32,31
862,series. There in more Best the were mesmerizing.,1976,92,22
863,more world. in few season There are beautiful the,1979,102,8
864,more in few has has beautiful the the season be,2009,10,23
865,in will used season telecasted than movie. of and,1989,12,37
866,many will will 150 mesmerizing. locations it. the,1961,1,16
867,world. will movie in be were than more actors,1968,39,40
868,in used 150 were the has actors season 150 movie.,1973,111,10
869,has has world. This beautiful this it. scenes has,1997,138,11
870,than Best in locations the be were 150 the,2011,82,18
871,Best countries in in be the the locations This the,1991,105,26
872,and it. in has will There This in season the of,2007,83,17
873,locations locations movie. used used locations,1989,120,39
874,the are used This action This in The 150 be,1950,149,1
875,telecasted more few few of more telecasted the,1982,106,33
876,season will Best The it. than of movie the,2012,87,38
877,movie mesmerizing. countries This beautiful movie,1965,15,25
878,has the the 150 used action has action be were,1999,36,9
879,has movie. will more in movie. There beautiful,2013,116,29
880,season in many in beautiful beautiful countries,1968,131,32
881,countries the This in the movie in action scenes,1988,12,36
882,many scenes in series. beautiful in movie the,1954,126,2
883,action than the movie. the mesmerizing. Best,2017,143,21
884,will in There in were season in has 150 This the,1958,77,14
885,in of The There many telecasted the of are movie,1971,79,35
886,telecasted beautiful more in mesmerizing. The This,1999,17,20
887,the locations beautiful This series. season There,1979,134,13
888,This beautiful than in season This beautiful There,1971,6,3
889,the season than beautiful many more has beautiful,2003,129,5
890,many This in in be the This scenes of This action,1952,141,12
891,has locations season beautiful and more used,1961,85,7
892,movie 150 actors This few world. were and,1970,107,28
893,were countries beautiful the in telecasted,1978,2,24
894,in the series. mesmerizing. used were movie 150,1962,36,27
895,few telecasted will more Best beautiful,1962,109,4
896,will mesmerizing. in the of in movie. The are be,2002,73,6
897,than were in were 150 in used the more This in,1957,13,15
898,it. world. The it. Best many in the locations,2019,111,30
899,in were the it. action season mesmerizing.,1958,150,34
900,will this 150 the than in This season are are were,1992,140,31
901,The action countries were This season in series.,1980,8,22
902,There few locations series. of series. this the,1968,80,8
903,movie. action the few mesmerizing. movie. are the,1993,11,23
904,beautiful mesmerizing. mesmerizing. it. will,1987,68,37
905,will were in This in season in movie movie season,2001,132,16
906,more action few in movie. beautiful it. the has,1990,53,40
907,are season scenes the scenes world. season will,1978,36,10
908,The This This the The more actors and than Best,1967,41,11
909,The few There actors will actors are in has The,2012,58,18
910,the season mesmerizing. in than has in world.,1960,20,26
911,150 the The in more This The in and countries,1979,107,17
912,used in beautiful has it. the more in than few,1962,127,39
913,season will this movie. season movie telecasted,1985,11,1
914,this world. the more movie. beautiful the This,2008,150,33
915,many 150 of the scenes in in in many locations,1981,28,38
916,movie the mesmerizing. This beautiful This,1996,57,25
917,more has scenes and movie 150 mesmerizing. more,1980,100,9
918,beautiful it. many beautiful in actors were many,1971,25,29
919,world. were 150 used actors are beautiful this in,1987,81,32
920,will world. movie. 150 few used more This This,2010,145,36
921,There There the actors used movie the Best in in,2002,17,2
922,This locations has be in are were beautiful The,2018,33,21
923,locations beautiful are this series. many,1991,132,14
924,the This mesmerizing. series. 150 and telecasted,1995,148,35
925,the beautiful mesmerizing. will be are beautiful,2000,147,20
926,in many The world. series. This are locations many,1970,149,13
927,many The be used has in in the 150 the in world.,1979,81,3
928,in The telecasted few scenes few were in series.,1977,85,5
929,action in the will were scenes more many many are,2008,41,12
930,movie. were few of of in few were than countries,2000,34,7
931,used world. beautiful locations the 150 actors,2005,75,28
932,world. beautiful this many scenes it. it.,1966,54,24
933,this of season in countries action in this has the,1991,37,27
934,be mesmerizing. locations action this used scenes,1971,127,4
935,in used and and and season will has scenes in and,2009,123,6
936,The movie the world. in and will has season in few,1969,82,15
937,were locations world. season in This the were and,1981,115,30
938,actors this this world. 150 will will telecasted,1979,75,34
939,The used in 150 more beautiful actors This 150,1977,95,31
940,in the many and of be actors movie. season in it.,2002,27,22
941,This locations beautiful it. 150 This telecasted,1971,132,8
942,in scenes than in beautiful of movie. This This,1961,93,23
943,season mesmerizing. telecasted series. scenes in,1979,98,37
944,series. Best many actors world. This This,1992,110,16
945,scenes scenes season the season the beautiful the,1994,35,40
946,action There series. will movie. Best There are,2019,108,10
947,series. series. it. scenes season series. in,2005,96,11
948,be This has few in telecasted will be in be the,1991,3,18
949,mesmerizing. many beautiful actors locations more,2001,9,26
950,This the be Best were This beautiful beautiful,1987,53,17
951,many mesmerizing. action beautiful Best are be,1972,123,39
952,the and telecasted many movie. and actors few the,2006,139,1
953,were are the season movie There mesmerizing.,1982,30,33
954,countries Best it. world. This This has This has,1968,5,38
955,in The movie. this used There in used season are,2010,123,25
956,The This be movie. season will it. season has this,1983,125,9
957,beautiful The in be will mesmerizing. few this,1997,99,29
958,more locations in beautiful this telecasted the,2019,14,32
959,in will this the this action in movie beautiful,2008,72,36
960,has mesmerizing. the has mesmerizing. more few,1981,134,2
961,mesmerizing. action 150 in the has and the This,1961,123,21
962,in in action movie. The many the in Best in the,1951,102,14
963,scenes than in season 150 this season in locations,1979,1,35
964,This actors in the were Best were movie world.,1962,25,20
965,the the countries in season in many action This,1975,96,13
966,in series. and the and Best the world. in movie,1962,53,3
967,in many This series. in be are world. the actors,1992,91,5
968,beautiful scenes the and beautiful movie,1964,35,12
969,this the countries and few the beautiful it. the,2020,27,7
970,were This of many scenes 150 in the telecasted in,1961,96,28
971,season it. this than are it. season it. This Best,1964,92,24
972,mesmerizing. world. few Best actors movie the,1950,25,27
973,movie This used mesmerizing. and the has are in,2015,80,4
974,in in world. 150 actors season There in countries,2005,55,6
975,world. of Best beautiful movie the season 150,1989,14,15
976,action actors locations mesmerizing. This in few,1991,74,30
977,it. series. in the telecasted the this than There,1988,86,34
978,countries This There more used telecasted in,2019,23,31
979,used series. There this more world. in be There,1951,113,22
980,of in more and There locations it. it. locations,2002,39,8
981,has many are The This season action has and actors,1986,53,23
982,in season than in in few many action season season,2008,79,37
983,in series. telecasted has of the in locations This,1996,76,16
984,the countries few many used The telecasted movie,1971,139,40
985,in be world. action in mesmerizing. actors this,1977,61,10
986,series. were few are season are locations,2020,87,11
987,This mesmerizing. This than season series. in,2005,25,18
988,in and of This locations in it. in countries were,1972,32,26
989,the the are this it. few were season are and,1981,4,17
990,will in telecasted more few in The this actors,1975,148,39
991,in in mesmerizing. season has movie. be scenes,1992,134,1
992,telecasted more in Best in few beautiful are used,1983,101,33
993,the this beautiful in will were be beautiful be,1992,3,38
994,the 150 more telecasted action used the are season,2017,111,25
995,movie in be There There in locations in This The,1990,54,9
996,countries and in in has The Best action in used,1970,31,29
997,mesmerizing. are than movie Best season will than,2002,93,32
998,This the in are in in be actors locations used few,1967,74,36
999,will telecasted in season scenes 150 of the actors,1966,14,2
1000,of in than This scenes in action be scenes Best,1981,133,21
