Series_Id,Person_Id,Role
1,7,Actress                  
1,34,Supporting_Actress       
1,40,Supporting_Actress       
1,45,Supporting_Actress       
1,51,Supporting_Actress       
1,52,Actress                  
1,55,Actor                    
1,68,Actress                  
1,75,Supporting_Actress       
1,76,Actor                    
1,78,Actress                  
1,85,Actress                  
1,88,Actress                  
1,90,Supporting_Actress       
1,91,Actor                    
1,93,Actress                  
1,107,Actress                  
1,116,Actress                  
1,123,Actor                    
1,132,Actress                  
1,135,Supporting_Actress       
1,143,Supporting_Actress       
1,184,Actress                  
1,189,Supporting_Actress       
1,195,Supporting_Actor         
2,8,Supporting_Actress       
2,10,Actor                    
2,20,Supporting_Actress       
2,24,Supporting_Actress       
2,29,Actress                  
2,37,Actress                  
2,59,Supporting_Actress       
2,67,Supporting_Actress       
2,72,Actress                  
2,104,Actor                    
2,111,Supporting_Actress       
2,113,Supporting_Actor         
2,119,Actress                  
2,122,Supporting_Actor         
2,128,Actress                  
2,138,Supporting_Actress       
2,139,Supporting_Actor         
2,153,Supporting_Actress       
2,158,Supporting_Actor         
2,160,Actor                    
2,163,Supporting_Actress       
2,164,Actress                  
2,172,Actress                  
2,191,Supporting_Actress       
2,199,
3,8,Supporting_Actress       
3,9,Actor                    
3,16,Supporting_Actor         
3,17,Actress                  
3,28,Supporting_Actor         
3,33,Supporting_Actor         
3,36,Supporting_Actor         
3,96,Actor                    
3,98,Supporting_Actor         
3,102,Supporting_Actor         
3,103,Actor                    
3,105,Actor                    
3,115,Actress                  
3,126,Supporting_Actress       
3,130,Actor                    
3,131,Actress                  
3,146,Supporting_Actor         
3,154,Actress                  
3,155,
3,166,Actor                    
3,171,Actor                    
3,178,Supporting_Actress       
3,182,Supporting_Actor         
3,183,Actress                  
3,186,Supporting_Actor         
4,6,Supporting_Actress       
4,14,Actress                  
4,15,Actor                    
4,18,Supporting_Actor         
4,19,Supporting_Actor         
4,23,Supporting_Actor         
4,35,Supporting_Actor         
4,41,Actor                    
4,47,Actress                  
4,53,Actress                  
4,71,Actor                    
4,73,Supporting_Actor         
4,79,Actress                  
4,80,Actor                    
4,97,Supporting_Actor         
4,114,Actor                    
4,120,Actor                    
4,121,Actor                    
4,127,Actor                    
4,145,Actress                  
4,147,Supporting_Actress       
4,180,Actress                  
4,187,Actor                    
4,190,Supporting_Actor         
4,198,Supporting_Actress       
5,9,Actress                  
5,16,Actress                  
5,17,Actor                    
5,28,Actor                    
5,33,Actor                    
5,35,Actor                    
5,36,Supporting_Actress       
5,38,Supporting_Actress       
5,69,Actor                    
5,96,Actress                  
5,98,Supporting_Actress       
5,102,Supporting_Actress       
5,105,Supporting_Actress       
5,108,Supporting_Actress       
5,115,Actress                  
5,126,Supporting_Actress       
5,130,Supporting_Actress       
5,131,Supporting_Actor         
5,146,Actress                  
5,154,Supporting_Actor         
5,155,Supporting_Actress       
5,166,Supporting_Actress       
5,182,Supporting_Actor         
5,183,Supporting_Actor         
5,186,Actor                    
6,2,Supporting_Actress       
6,6,Actress                  
6,18,Actor                    
6,19,Supporting_Actor         
6,23,Actor                    
6,25,Actor                    
6,41,Actress                  
6,47,Actor                    
6,53,Supporting_Actor         
6,70,Actress                  
6,71,Actress                  
6,73,Actor                    
6,79,Actor                    
6,80,Supporting_Actor         
6,97,Actress                  
6,114,Supporting_Actor         
6,120,Supporting_Actor         
6,121,Actress                  
6,127,Actress                  
6,129,Supporting_Actor         
6,145,Actor                    
6,147,Actor                    
6,180,Actor                    
6,187,Actor                    
6,190,Actress                  
7,9,Actress                  
7,14,Actress                  
7,15,Supporting_Actress       
7,17,Actor                    
7,23,Supporting_Actress       
7,28,Actress                  
7,35,Supporting_Actor         
7,38,Actor                    
7,41,Actor                    
7,53,Actress                  
7,69,Actor                    
7,79,Actress                  
7,80,Actor                    
7,96,Supporting_Actor         
7,102,Supporting_Actress       
7,105,Actor                    
7,108,Supporting_Actor         
7,115,Actor                    
7,126,Supporting_Actor         
7,146,Actress                  
7,154,Supporting_Actor         
7,166,Supporting_Actor         
7,183,Actor                    
7,186,Actress                  
7,198,Supporting_Actor         
8,1,Supporting_Actress       
8,21,Actress                  
8,22,Supporting_Actress       
8,31,Actor                    
8,39,Supporting_Actress       
8,42,Actress                  
8,44,Supporting_Actor         
8,46,Supporting_Actor         
8,60,Actress                  
8,62,Actor                    
8,63,Actress                  
8,70,Supporting_Actor         
8,77,Supporting_Actress       
8,87,Supporting_Actor         
8,94,Supporting_Actress       
8,95,Supporting_Actress       
8,99,Actress                  
8,109,Supporting_Actor         
8,112,Actress                  
8,124,Supporting_Actress       
8,134,Actress                  
8,141,Supporting_Actress       
8,142,Supporting_Actress       
8,150,Actor                    
8,161,Actor                    
8,165,Actress                  
8,179,Supporting_Actor         
8,185,Supporting_Actor         
9,3,Supporting_Actress       
9,7,Supporting_Actor         
9,29,Actor                    
9,34,Actor                    
9,43,Supporting_Actress       
9,48,Supporting_Actor         
9,57,Actor                    
9,59,Supporting_Actress       
9,72,Supporting_Actor         
9,78,Supporting_Actress       
9,85,Supporting_Actor         
9,88,Actor                    
9,90,Actress                  
9,93,Supporting_Actress       
9,107,Supporting_Actor         
9,128,Actress                  
9,139,Supporting_Actor         
9,153,Actress                  
9,159,Supporting_Actress       
9,160,Actor                    
9,163,Supporting_Actor         
9,168,Actor                    
9,169,Supporting_Actress       
9,195,Actress                  
9,199,Actor                    
10,13,Supporting_Actor         
10,22,Supporting_Actor         
10,27,Supporting_Actress       
10,39,Actor                    
10,46,Supporting_Actor         
10,52,Supporting_Actor         
10,54,Supporting_Actor         
10,56,Actor                    
10,61,Actress                  
10,63,Actor                    
10,74,Actor                    
10,82,Actor                    
10,83,Supporting_Actor         
10,94,Supporting_Actress       
10,109,Supporting_Actress       
10,110,Supporting_Actress       
10,117,Supporting_Actor         
10,125,Actor                    
10,149,Actress                  
10,151,Supporting_Actress       
10,157,Actor                    
10,162,Actress                  
10,177,Supporting_Actor         
10,181,Actor                    
10,188,Actress                  
10,194,Actress                  
11,13,Supporting_Actor         
11,27,Actress                  
11,39,Supporting_Actor         
11,40,Supporting_Actor         
11,46,Supporting_Actress       
11,52,Actress                  
11,54,Actor                    
11,55,Actor                    
11,56,Supporting_Actor         
11,61,Supporting_Actress       
11,74,Supporting_Actress       
11,82,Actress                  
11,83,Actress                  
11,110,Supporting_Actor         
11,117,Actress                  
11,125,Actor                    
11,143,Actor                    
11,149,Actress                  
11,151,Actress                  
11,157,Actor                    
11,162,Actor                    
11,177,Actor                    
11,181,Supporting_Actress       
11,188,Actor                    
11,189,Supporting_Actor         
11,194,Supporting_Actor         
12,9,Supporting_Actress       
12,14,Supporting_Actress       
12,15,Actress                  
12,17,Actor                    
12,28,Actress                  
12,35,Supporting_Actor         
12,36,Actress                  
12,38,Supporting_Actress       
12,69,Supporting_Actress       
12,80,Actor                    
12,96,Actor                    
12,98,Supporting_Actress       
12,102,Actress                  
12,105,Supporting_Actress       
12,108,Actress                  
12,115,Actress                  
12,126,Actress                  
12,131,Supporting_Actor         
12,146,Actor                    
12,154,Supporting_Actress       
12,155,Supporting_Actress       
12,166,Actress                  
12,183,Actress                  
12,186,Supporting_Actor         
12,198,Actor                    
13,8,Supporting_Actress       
13,9,Supporting_Actor         
13,16,Supporting_Actress       
13,28,Supporting_Actress       
13,33,Supporting_Actress       
13,36,Supporting_Actress       
13,67,Supporting_Actor         
13,98,Supporting_Actor         
13,102,Supporting_Actor         
13,103,Actor                    
13,105,Actor                    
13,115,Supporting_Actress       
13,119,Supporting_Actor         
13,126,Actress                  
13,130,Supporting_Actress       
13,131,Supporting_Actress       
13,146,Actress                  
13,155,Supporting_Actor         
13,171,Actress                  
13,172,Actress                  
13,178,Supporting_Actor         
13,182,Actor                    
13,183,Supporting_Actress       
13,186,Supporting_Actress       
13,191,Actor                    
14,8,Supporting_Actor         
14,10,Supporting_Actor         
14,16,Supporting_Actress       
14,20,Actor                    
14,24,Supporting_Actress       
14,33,Actress                  
14,37,Supporting_Actor         
14,59,Actor                    
14,67,Actress                  
14,98,Supporting_Actor         
14,103,Supporting_Actress       
14,104,Supporting_Actor         
14,111,Supporting_Actor         
14,113,Actress                  
14,119,Supporting_Actress       
14,122,Actor                    
14,130,Supporting_Actor         
14,138,Actor                    
14,158,Actor                    
14,164,Supporting_Actress       
14,171,Actor                    
14,172,Actress                  
14,178,Actor                    
14,182,Supporting_Actor         
14,191,Supporting_Actress       
15,2,Supporting_Actress       
15,6,Actress                  
15,18,Supporting_Actor         
15,19,Actress                  
15,25,Actress                  
15,47,Supporting_Actor         
15,53,Supporting_Actor         
15,60,Actor                    
15,62,Actor                    
15,70,Supporting_Actor         
15,71,Actor                    
15,73,Supporting_Actress       
15,97,Actor                    
15,112,Supporting_Actor         
15,114,Actress                  
15,120,Actress                  
15,121,Supporting_Actress       
15,124,Actress                  
15,127,Actor                    
15,129,Actor                    
15,145,Supporting_Actor         
15,147,Actress                  
15,180,Actress                  
15,187,Actor                    
15,190,Actress                  
16,1,Actor                    
16,13,Actor                    
16,22,Actress                  
16,31,Actor                    
16,39,Supporting_Actor         
16,42,Actress                  
16,46,Supporting_Actor         
16,54,Supporting_Actress       
16,56,Supporting_Actress       
16,61,Supporting_Actress       
16,63,Actress                  
16,74,Supporting_Actress       
16,77,Supporting_Actor         
16,83,Actress                  
16,94,Supporting_Actress       
16,95,Supporting_Actor         
16,99,Actor                    
16,109,Supporting_Actress       
16,110,
16,117,Supporting_Actress       
16,134,Actor                    
16,150,Actress                  
16,151,Supporting_Actor         
16,161,Actress                  
16,162,Actor                    
16,177,Actress                  
16,181,Actress                  
17,27,Supporting_Actress       
17,40,Actress                  
17,45,Supporting_Actress       
17,51,Actress                  
17,52,Supporting_Actor         
17,55,Supporting_Actor         
17,68,Supporting_Actor         
17,75,Actor                    
17,76,Supporting_Actress       
17,82,Actress                  
17,83,Actress                  
17,90,Actor                    
17,91,Supporting_Actor         
17,116,Supporting_Actor         
17,123,Actor                    
17,125,Supporting_Actress       
17,132,Supporting_Actress       
17,135,Supporting_Actor         
17,143,Actress                  
17,149,Actor                    
17,157,Supporting_Actor         
17,184,Supporting_Actress       
17,188,Supporting_Actor         
17,189,Supporting_Actress       
17,194,Supporting_Actor         
18,13,Actor                    
18,27,Actress                  
18,40,Actress                  
18,52,Actor                    
18,55,Actress                  
18,56,Actor                    
18,61,Actor                    
18,68,Actress                  
18,74,Actress                  
18,75,Supporting_Actress       
18,82,Actress                  
18,83,Actress                  
18,91,Actress                  
18,110,Actress                  
18,117,Actress                  
18,125,Supporting_Actor         
18,132,Actor                    
18,143,Actor                    
18,149,Supporting_Actor         
18,151,Supporting_Actress       
18,157,Supporting_Actress       
18,177,Supporting_Actress       
18,181,Actress                  
18,188,Actor                    
18,189,Actor                    
18,194,Actor                    
20,8,Actress                  
20,16,Supporting_Actress       
20,28,Actor                    
20,33,Actor                    
20,36,Supporting_Actress       
20,37,Actor                    
20,67,Actress                  
20,98,Actress                  
20,103,Supporting_Actress       
20,104,Actress                  
20,105,Supporting_Actor         
20,119,Supporting_Actress       
20,126,Actor                    
20,130,Actor                    
20,131,Supporting_Actor         
20,138,Supporting_Actor         
20,155,Actress                  
20,164,Actor                    
20,171,Supporting_Actor         
20,172,Supporting_Actress       
20,178,Actor                    
20,182,Supporting_Actress       
20,183,Supporting_Actor         
20,186,Supporting_Actor         
20,191,Supporting_Actor         
21,8,Actress                  
21,10,Actor                    
21,20,Actress                  
21,24,Supporting_Actress       
21,29,Actor                    
21,37,Supporting_Actor         
21,59,Supporting_Actress       
21,67,Actor                    
21,103,Actor                    
21,104,Actor                    
21,111,Supporting_Actress       
21,113,
21,119,Actor                    
21,122,Supporting_Actress       
21,128,Supporting_Actress       
21,130,Actress                  
21,138,Actress                  
21,158,Actress                  
21,160,Actress                  
21,163,Supporting_Actress       
21,164,Supporting_Actor         
21,171,Supporting_Actress       
21,172,Supporting_Actress       
21,178,Supporting_Actor         
21,191,Supporting_Actor         
22,1,Actor                    
22,2,Actor                    
22,6,Supporting_Actress       
22,21,Actress                  
22,22,Supporting_Actress       
22,25,Actor                    
22,31,Actor                    
22,42,Supporting_Actress       
22,44,Actor                    
22,60,Actor                    
22,62,Supporting_Actor         
22,70,Supporting_Actor         
22,77,Actor                    
22,87,Actress                  
22,95,Actor                    
22,99,Supporting_Actor         
22,109,Supporting_Actress       
22,112,Supporting_Actor         
22,124,Supporting_Actress       
22,129,Actor                    
22,134,Supporting_Actor         
22,141,Actor                    
22,142,Supporting_Actor         
22,150,Actor                    
22,161,Actor                    
22,165,Supporting_Actress       
22,179,Supporting_Actor         
22,185,Supporting_Actor         
23,1,Actor                    
23,21,Supporting_Actress       
23,22,Actress                  
23,31,Actress                  
23,39,Supporting_Actress       
23,42,Supporting_Actor         
23,44,Supporting_Actress       
23,46,Actress                  
23,54,Supporting_Actor         
23,62,Actor                    
23,63,Actress                  
23,77,Actor                    
23,87,Actress                  
23,94,Supporting_Actress       
23,95,Supporting_Actor         
23,99,Supporting_Actress       
23,109,Actress                  
23,110,Supporting_Actor         
23,134,Supporting_Actress       
23,141,Supporting_Actor         
23,142,Supporting_Actor         
23,150,Actress                  
23,161,Actor                    
23,162,Actress                  
23,165,Actress                  
23,177,Actress                  
23,179,Supporting_Actress       
23,185,Supporting_Actress       
24,14,Supporting_Actor         
24,15,Actor                    
24,17,Actress                  
24,19,Supporting_Actor         
24,23,Supporting_Actress       
24,35,Supporting_Actor         
24,38,Supporting_Actor         
24,41,Supporting_Actress       
24,47,Actress                  
24,53,Actor                    
24,69,Actress                  
24,79,Actress                  
24,80,Supporting_Actor         
24,96,Supporting_Actor         
24,97,Actor                    
24,102,Actor                    
24,108,Supporting_Actress       
24,114,Supporting_Actress       
24,120,Supporting_Actress       
24,121,Supporting_Actress       
24,127,Actor                    
24,154,Supporting_Actress       
24,166,Actor                    
24,190,Supporting_Actor         
24,198,Actor                    
25,3,Actor                    
25,7,Supporting_Actor         
25,34,Supporting_Actor         
25,43,Actress                  
25,45,Actress                  
25,48,Supporting_Actor         
25,51,Actress                  
25,57,Supporting_Actor         
25,72,Actor                    
25,78,Supporting_Actress       
25,85,Supporting_Actress       
25,88,Actor                    
25,90,Supporting_Actor         
25,93,Supporting_Actress       
25,107,Actor                    
25,116,Actress                  
25,123,Supporting_Actress       
25,128,Actor                    
25,139,Supporting_Actress       
25,153,Supporting_Actor         
25,159,Supporting_Actor         
25,168,Supporting_Actress       
25,169,Actor                    
25,195,Supporting_Actor         
25,199,Actress                  
26,27,Supporting_Actress       
26,40,Supporting_Actor         
26,52,Supporting_Actor         
26,55,Supporting_Actor         
26,56,Supporting_Actress       
26,61,Supporting_Actress       
26,68,Actor                    
26,74,Supporting_Actress       
26,75,Actress                  
26,76,Supporting_Actor         
26,82,Supporting_Actress       
26,83,Supporting_Actress       
26,91,Actor                    
26,123,Supporting_Actor         
26,125,Actress                  
26,132,Actress                  
26,135,Supporting_Actress       
26,143,Supporting_Actress       
26,149,Actor                    
26,151,Actor                    
26,157,Actress                  
26,181,Actress                  
26,184,Actress                  
26,188,Supporting_Actor         
26,189,Actor                    
26,194,Actress                  
27,14,Supporting_Actress       
27,15,Actress                  
27,17,Actor                    
27,19,Supporting_Actor         
27,23,Supporting_Actress       
27,35,Supporting_Actor         
27,38,Actor                    
27,41,Actor                    
27,47,Actor                    
27,53,Supporting_Actor         
27,69,Actor                    
27,79,Actor                    
27,80,Actress                  
27,97,Supporting_Actor         
27,108,Actress                  
27,114,Supporting_Actress       
27,120,Actress                  
27,121,Supporting_Actor         
27,127,Supporting_Actress       
27,145,Supporting_Actor         
27,147,Actor                    
27,180,Supporting_Actor         
27,187,Actor                    
27,190,Supporting_Actor         
27,198,Supporting_Actor         
28,9,Actress                  
28,14,Actress                  
28,15,Supporting_Actress       
28,17,Actress                  
28,19,Supporting_Actress       
28,23,Supporting_Actor         
28,35,Supporting_Actor         
28,38,Actor                    
28,41,Supporting_Actor         
28,53,Actress                  
28,69,Supporting_Actor         
28,79,Actor                    
28,80,Supporting_Actor         
28,96,Supporting_Actress       
28,102,Actress                  
28,108,Supporting_Actress       
28,114,Actor                    
28,115,Actress                  
28,121,Actor                    
28,126,Actor                    
28,146,Actor                    
28,154,Supporting_Actor         
28,166,Supporting_Actress       
28,190,Supporting_Actress       
28,198,
29,3,Supporting_Actress       
29,7,Supporting_Actor         
29,24,Actor                    
29,29,Actress                  
29,34,Supporting_Actress       
29,43,Supporting_Actor         
29,48,Actor                    
29,57,Supporting_Actor         
29,59,Supporting_Actress       
29,72,Supporting_Actress       
29,88,Actress                  
29,107,Supporting_Actress       
29,111,Actor                    
29,122,Supporting_Actress       
29,128,Supporting_Actress       
29,139,Actor                    
29,153,Actor                    
29,158,Actress                  
29,159,Actor                    
29,160,Supporting_Actress       
29,163,Supporting_Actor         
29,168,Actor                    
29,169,Supporting_Actress       
29,195,Actor                    
29,199,Actress                  
30,2,Supporting_Actress       
30,6,Actress                  
30,18,Supporting_Actor         
30,21,Supporting_Actor         
30,25,Actor                    
30,47,Actress                  
30,60,Actress                  
30,62,Actress                  
30,70,Actor                    
30,71,Actor                    
30,73,Supporting_Actor         
30,87,Supporting_Actor         
30,97,Actress                  
30,112,Supporting_Actor         
30,120,Supporting_Actress       
30,124,Actor                    
30,127,Supporting_Actress       
30,129,Supporting_Actress       
30,142,Actor                    
30,145,Actress                  
30,147,Supporting_Actor         
30,165,Actor                    
30,180,Supporting_Actress       
30,185,Actor                    
30,187,Actress                  
30,190,Supporting_Actress       
31,2,Actress                  
31,6,Actress                  
31,18,Actress                  
31,21,Actress                  
31,25,Actress                  
31,31,Supporting_Actor         
31,42,Actor                    
31,44,Supporting_Actress       
31,60,Actress                  
31,62,Supporting_Actor         
31,70,Actress                  
31,71,Actress                  
31,73,Actor                    
31,87,Actor                    
31,95,Supporting_Actor         
31,99,Supporting_Actress       
31,112,Actress                  
31,124,Supporting_Actress       
31,129,Actress                  
31,134,Actress                  
31,141,Actress                  
31,142,Supporting_Actor         
31,145,Supporting_Actor         
31,150,Actress                  
31,161,Supporting_Actor         
31,165,Actor                    
31,179,Supporting_Actor         
31,185,Actress                  
32,3,Actress                  
32,7,Supporting_Actress       
32,10,Actress                  
32,20,Supporting_Actress       
32,24,Actress                  
32,29,Actor                    
32,43,Actress                  
32,48,Supporting_Actress       
32,57,Supporting_Actress       
32,59,Supporting_Actress       
32,72,Actor                    
32,111,Actress                  
32,113,Supporting_Actor         
32,122,Actress                  
32,128,Actress                  
32,139,Supporting_Actress       
32,153,Actor                    
32,158,Actor                    
32,159,Actor                    
32,160,Supporting_Actor         
32,163,Actress                  
32,164,Actress                  
32,168,Actor                    
32,169,Actress                  
32,199,Supporting_Actress       
33,3,Supporting_Actor         
33,7,Supporting_Actor         
33,34,Actress                  
33,45,Supporting_Actor         
33,48,Supporting_Actress       
33,51,Actor                    
33,55,Supporting_Actress       
33,68,Actress                  
33,75,Actor                    
33,76,Actor                    
33,78,Actress                  
33,85,Supporting_Actor         
33,88,Actor                    
33,90,Actress                  
33,91,Actress                  
33,93,Actor                    
33,107,Actress                  
33,116,Supporting_Actor         
33,123,Actor                    
33,132,Supporting_Actor         
33,135,Supporting_Actress       
33,168,Supporting_Actress       
33,169,Supporting_Actress       
33,184,Supporting_Actor         
33,195,Actor                    
34,2,Actor                    
34,6,Supporting_Actress       
34,18,Actor                    
34,21,Actress                  
34,25,Actor                    
34,44,Supporting_Actress       
34,60,Supporting_Actress       
34,62,Supporting_Actress       
34,70,Supporting_Actress       
34,71,Actor                    
34,73,Actress                  
34,87,Actor                    
34,95,Supporting_Actress       
34,112,Supporting_Actor         
34,120,Supporting_Actress       
34,124,Supporting_Actress       
34,129,Actor                    
34,141,Supporting_Actor         
34,142,Supporting_Actor         
34,145,Actor                    
34,147,Actress                  
34,161,Supporting_Actor         
34,165,Actor                    
34,179,Actor                    
34,180,Actress                  
34,185,Actor                    
34,187,Supporting_Actress       
35,8,Actress                  
35,10,Actress                  
35,16,Actress                  
35,20,Supporting_Actress       
35,33,Supporting_Actor         
35,36,Supporting_Actress       
35,37,Actor                    
35,67,Supporting_Actor         
35,98,Supporting_Actress       
35,103,Actress                  
35,104,Supporting_Actor         
35,113,Actress                  
35,119,Supporting_Actress       
35,130,Actress                  
35,131,Supporting_Actor         
35,138,Actress                  
35,155,Supporting_Actress       
35,158,Supporting_Actress       
35,164,Actor                    
35,171,Supporting_Actress       
35,172,Supporting_Actor         
35,178,Actress                  
35,182,Actress                  
35,183,Supporting_Actress       
35,191,Supporting_Actress       
36,10,Actor                    
36,20,Supporting_Actor         
36,24,Supporting_Actor         
36,29,Actor                    
36,37,Actress                  
36,43,Supporting_Actor         
36,57,Actress                  
36,59,Supporting_Actor         
36,72,Supporting_Actress       
36,104,
36,111,Supporting_Actor         
36,113,Actor                    
36,122,Supporting_Actress       
36,128,Supporting_Actor         
36,138,Actor                    
36,139,Actor                    
36,153,Actor                    
36,158,Supporting_Actress       
36,159,Actor                    
36,160,Actor                    
36,163,Supporting_Actress       
36,164,Supporting_Actor         
36,168,
36,191,Supporting_Actor         
36,199,Actress                  
37,1,Supporting_Actor         
37,13,Supporting_Actor         
37,22,Supporting_Actor         
37,31,Supporting_Actress       
37,39,Actress                  
37,42,Actress                  
37,44,Supporting_Actor         
37,46,Supporting_Actor         
37,54,Actor                    
37,63,Actor                    
37,77,Supporting_Actor         
37,94,Actor                    
37,95,Actor                    
37,99,Supporting_Actor         
37,109,Supporting_Actor         
37,110,Supporting_Actor         
37,117,Supporting_Actress       
37,134,Supporting_Actress       
37,141,Supporting_Actress       
37,142,Supporting_Actress       
37,150,Actor                    
37,151,Supporting_Actor         
37,161,Supporting_Actress       
37,162,Actress                  
37,177,Actor                    
37,179,Supporting_Actress       
37,181,Actress                  
37,185,Actor                    
38,3,Supporting_Actor         
38,7,Supporting_Actor         
38,34,Supporting_Actor         
38,43,Actress                  
38,45,Supporting_Actress       
38,48,Actress                  
38,51,Supporting_Actor         
38,57,Supporting_Actress       
38,76,Supporting_Actor         
38,78,Supporting_Actress       
38,85,Actor                    
38,88,Supporting_Actor         
38,90,Actress                  
38,91,Supporting_Actress       
38,93,Actress                  
38,107,Supporting_Actress       
38,116,Actor                    
38,123,Supporting_Actor         
38,135,Supporting_Actor         
38,159,Supporting_Actor         
38,168,Supporting_Actor         
38,169,Supporting_Actress       
38,184,Supporting_Actor         
38,195,Supporting_Actor         
38,199,Actress                  
39,27,Supporting_Actress       
39,40,Supporting_Actor         
39,45,Supporting_Actress       
39,51,Supporting_Actress       
39,52,Actor                    
39,55,Supporting_Actress       
39,68,Supporting_Actress       
39,75,Actress                  
39,76,Actress                  
39,78,Actress                  
39,85,Supporting_Actor         
39,90,Supporting_Actress       
39,91,Supporting_Actor         
39,93,Actor                    
39,116,Actor                    
39,123,Supporting_Actor         
39,132,Supporting_Actress       
39,135,Supporting_Actor         
39,143,Actor                    
39,149,Supporting_Actor         
39,184,Supporting_Actor         
39,188,Actress                  
39,189,Supporting_Actress       
39,194,Actress                  
39,195,Supporting_Actor         
40,1,Actress                  
40,13,Supporting_Actor         
40,22,Supporting_Actress       
40,39,Actress                  
40,46,Actor                    
40,54,Actor                    
40,56,Actress                  
40,61,Actor                    
40,63,Actor                    
40,74,Supporting_Actor         
40,77,Actress                  
40,82,Supporting_Actor         
40,83,Actor                    
40,94,Actress                  
40,109,Actress                  
40,110,Supporting_Actor         
40,117,Actor                    
40,125,Actor                    
40,134,Supporting_Actor         
40,150,Actor                    
40,151,Supporting_Actor         
40,157,Supporting_Actor         
40,162,Supporting_Actress       
40,177,Actor                    
40,181,Supporting_Actress       
40,194,Actor                    
